Date,Open,High,Low,Close,Adj Close,Volume
1/26/2017,170.229446,171.013382,169.703629,170.803055,135.797913,3204839
1/27/2017,170.621414,171.319305,169.502869,169.502869,134.76413,3642486
1/30/2017,169.196945,169.28299,166.902481,168.068832,133.624023,4283161
1/31/2017,167.351822,167.858505,165.975143,166.845123,132.651077,4329394
2/1/2017,167.304016,167.973236,165.286804,166.625244,132.476273,2924302
2/2/2017,166.567871,167.27533,165.917786,166.902481,132.696732,2741043
2/3/2017,167.304016,168.585083,167.198853,168.087952,133.639206,3461528
2/6/2017,167.600388,168.240921,166.711288,168.12619,133.669617,2772737
2/7/2017,168.26004,170.764816,168.164429,170.611862,135.645874,4051681
2/8/2017,169.694077,169.694077,168.145309,168.422562,134.96402,3047103
2/9/2017,168.422562,169.980881,168.173996,169.416824,135.760757,3232872
2/10/2017,169.569794,171.00383,168.986618,170.822174,136.886932,3065512
2/13/2017,171.357559,171.988525,170.975143,171.472275,137.407898,3235696
2/14/2017,170.71701,172.20842,170.506699,172.20842,137.997772,2904219
2/15/2017,172.27533,173.919693,171.902481,173.690247,139.185257,3048358
2/16/2017,173.470367,174.751434,172.915863,173.451248,138.993729,3401069
2/17/2017,173.27916,173.585083,172.084137,172.72467,138.411484,3715915
2/21/2017,172.657745,172.839386,171.242828,172.332703,138.097366,4686394
2/22/2017,172.170166,173.365204,172.170166,173.183563,138.779236,3159443
2/23/2017,173.99617,174.474182,172.963669,173.661575,139.162277,2387495
2/24/2017,172.284897,173.508606,171.978973,173.374756,138.932434,3451905
2/27/2017,173.221802,173.27916,171.395798,171.510513,137.438538,3861100
2/28/2017,171.491394,172.686417,171.462708,171.912048,137.760284,3423976
3/1/2017,172.543015,174.521988,172.112808,173.94838,139.392105,3143858
3/2/2017,173.881454,173.881454,172.495224,172.59082,138.30423,3052437
3/3/2017,172.59082,173.346085,171.854691,172.131927,137.936523,1905812
3/6/2017,171.816437,173.030594,171.673035,172.533463,138.258301,3351802
3/7/2017,172.762909,173.317398,172.27533,172.447418,138.189331,3117603
3/8/2017,172.801147,172.992355,171.414917,171.558319,137.476822,3721040
3/9/2017,171.271515,171.367111,168.145309,169.388138,135.737778,5694529
3/10/2017,170.372849,171.596558,169.617584,170.009567,136.235748,3242914
3/13/2017,170.028687,170.229446,168.661575,168.699814,135.186218,3642381
3/14/2017,168.432129,169.043976,167.504776,167.992355,134.619278,3292285
3/15/2017,167.982788,168.527725,167.065002,168.0784,134.688232,3991013
3/16/2017,170.611862,171.128113,169.043976,169.445511,135.783752,4510143
3/17/2017,168.537292,169.015289,167.92543,167.92543,134.565643,6193366
3/20/2017,167.92543,168.432129,167.437866,167.973236,134.603989,2590001
3/21/2017,168.269592,168.479919,166.195023,166.233276,133.209641,4108374
3/22/2017,166.38623,167.361374,165.20076,167.093689,133.89917,3609223
3/23/2017,166.759079,167.94455,165.927338,167.131927,133.929779,3912040
3/24/2017,167.418732,167.782028,165.764816,166.185471,133.171356,3369898
3/27/2017,165.095596,166.500961,164.521988,166.128113,133.125366,3408914
3/28/2017,166.290634,167.304016,165.391968,166.835571,133.692291,3685999
3/29/2017,166.634796,166.816437,165.831741,166.290634,133.25563,3227538
3/30/2017,166.214142,166.912048,166.05162,166.214142,133.194321,3314042
3/31/2017,166.328873,167.25621,166.05162,166.481842,133.408875,3047730
4/3/2017,166.175903,167.179733,165.755264,166.826004,133.684601,4483679
4/4/2017,165.889099,167.265778,165.640533,166.845123,133.699951,3251909
4/5/2017,167.017212,168.575531,165.210327,165.277252,132.443588,6525889
4/6/2017,165.841293,165.841293,164.674957,164.86615,132.114166,3593428
4/7/2017,164.512421,165.325043,163.747604,164.569794,131.876602,3753362
4/10/2017,164.942642,164.971313,163.479919,163.671127,131.156525,3964235
4/11/2017,163.145309,163.699814,161.548752,163.0784,130.681534,5116927
4/12/2017,163.518158,163.671127,162.543015,163.154877,130.742828,3427637
4/13/2017,162.447418,163.824097,162.07457,162.07457,129.877106,3352953
4/17/2017,162.284897,163.766724,162.160614,163.575531,131.07991,3891329
4/18/2017,163.27916,164.139572,162.361374,162.571701,130.275467,6637393
4/19/2017,154.646271,155.487579,152.581268,154.579346,123.870903,20171378
4/20/2017,154.225616,155.258133,153.441681,155.162521,124.338219,6785193
4/21/2017,154.923523,154.980881,153.326965,153.326965,122.867279,5865759
4/24/2017,154.196945,154.46463,153.365204,153.680695,123.150726,5565348
4/25/2017,154.66539,154.913956,153.326965,153.336517,122.874939,5083978
4/26/2017,153.470367,154.015289,152.858505,153.021027,122.622131,4526879
4/27/2017,153.240921,153.422562,152.60994,153.269592,122.82135,4312240
4/28/2017,153.441681,153.527725,152.676865,153.240921,122.798332,4345189
5/1/2017,153.011475,153.365204,151.72084,151.854691,121.687492,5162324
5/2/2017,152.428299,152.476105,151.663483,152.103256,121.886703,3355777
5/3/2017,151.759079,152.437866,151.548752,151.653915,121.526627,4176992
5/4/2017,151.902481,152.141495,151.395798,152.05545,121.848351,4477508
5/5/2017,146.768646,148.92926,146.271515,148.231354,118.783958,13097280
5/8/2017,146.080307,146.72084,145.506699,146.300186,118.381706,7836632
5/9/2017,145.889099,146.367111,144.894836,145.420654,117.670036,7168238
5/10/2017,144.980881,145.66922,144.483749,144.598465,117.004738,5229895
5/11/2017,144.407272,144.502869,143.202682,144.024857,116.540596,5886783
5/12/2017,143.690247,144.608032,143.403442,143.757172,116.323967,3886204
5/15/2017,143.99617,145.152969,143.833649,144.847031,117.205864,4440793
5/16/2017,144.990433,147.217972,144.990433,146.9216,118.884544,5767330
5/17/2017,146.558319,147.361374,144.254303,144.292542,116.757164,5430309
5/18/2017,144.225616,144.674957,143.508606,144.149139,116.641159,3424813
5/19/2017,144.369019,145.755264,144.254303,145.296371,117.569481,5902578
5/22/2017,145.411087,146.118546,144.933075,145.927338,118.080017,3453997
5/23/2017,145.860428,146.9216,145.238998,145.344162,117.608101,2682467
5/24/2017,145.516251,146.042068,144.579346,145.803055,117.979454,3904090
5/25/2017,146.510513,146.969406,146.223709,146.462708,118.513199,2701504
5/26/2017,146.128113,146.271515,145.372849,145.783936,117.963966,2555692
5/30/2017,145.267685,145.956024,144.923523,145.057358,117.376053,3834636
5/31/2017,145.344162,146.080307,144.980881,145.917786,118.072273,3706396
6/1/2017,146.080307,146.147232,144.961761,145.956024,118.10321,3052333
6/2/2017,146.338425,146.462708,145.124283,145.363297,117.623604,3750642
6/5/2017,145.143402,146.20459,145.009567,145.707458,117.902107,4157955
6/6/2017,145.315491,146.166351,145.315491,145.66922,117.87114,3971871
6/7/2017,146.319305,147.418732,144.168259,144.340347,116.795868,5089522
6/8/2017,144.359467,146.099426,144.28299,145.411087,117.662292,3879614
6/9/2017,145.315491,147.476105,145.20076,147.323135,119.209427,4562129
6/12/2017,147.40918,150.286804,147.246658,148.355637,120.044922,6769189
6/13/2017,148.604202,148.642441,147.370941,147.466537,119.325485,3685581
6/14/2017,147.198853,148.12619,146.214142,147.045883,118.985107,3189359
6/15/2017,146.548752,147.887192,146.548752,147.437866,119.302269,4868398
6/16/2017,147.447418,148.585083,146.242828,148.546844,120.199661,7052132
6/19/2017,148.671127,149.005737,147.74379,148.030594,119.781891,4842457
6/20/2017,147.686417,148.556412,147.466537,148.135757,119.866989,4687858
6/21/2017,148.938812,148.938812,146.644363,147.026764,118.969635,4141846
6/22/2017,147.753342,148.173996,146.931168,147.60994,119.441505,2485819
6/23/2017,147.552582,147.877625,147.036331,147.332703,119.217194,3433181
6/26/2017,147.906311,148.900574,147.829834,148.403442,120.083603,2252561
6/27/2017,148.183563,148.508606,147.705551,147.94455,119.71228,2496279
6/28/2017,148.326965,148.709366,147.973236,148.489487,120.153236,2323166
6/29/2017,148.518158,148.891006,146.864243,147.351822,119.232658,3412261
6/30/2017,147.495224,147.705551,146.40535,147.065002,119.000557,3735789
7/3/2017,146.826004,149.168259,146.768646,148.738052,120.354362,2952335
7/5/2017,148.919693,149.034424,146.87381,146.912048,118.876808,3728362
7/6/2017,146.615677,147.065002,145.53537,145.659653,117.863396,2884345
7/7/2017,145.908218,146.73996,145.449326,146.214142,118.312111,2573265
7/10/2017,146.185471,147.122375,145.917786,146.673035,118.683403,3353685
7/11/2017,146.520081,146.892929,145.363297,146.453156,118.505463,3606085
7/12/2017,146.730408,147.456985,146.319305,146.94072,118.900002,3240403
7/13/2017,146.94072,147.40918,146.453156,146.87381,118.845863,2590001
7/14/2017,147.237091,147.820267,146.653915,147.456985,119.317749,3406194
7/17/2017,146.835571,147.112808,145.544937,146.281067,118.366226,4981680
7/18/2017,145.659653,147.504776,145.315491,147.227539,119.13208,7914873
7/19/2017,143.422562,143.642441,140.258133,141.042068,114.126984,14951106
7/20/2017,141.042068,142.284897,140.564056,141.166351,114.227554,7543961
7/21/2017,141.099426,141.367111,140.066925,140.611862,113.778877,6808937
7/24/2017,140.53537,140.573608,139.388138,139.569794,112.935677,4055970
7/25/2017,140.124283,141.00383,139.608032,139.761002,113.090378,4402509
7/26/2017,139.837479,140.019119,138.116638,138.967499,112.448326,4113290
7/27/2017,138.623322,139.005737,137.323135,138.690247,112.223976,6726617
7/28/2017,138.441681,138.661575,137.514343,137.94455,111.620567,3195321
7/31/2017,138.030594,138.556412,137.829834,138.307846,111.914551,4556062
8/1/2017,138.623322,139.263855,138.355637,138.910141,112.401909,3367597
8/2/2017,138.738052,138.900574,137.877625,138.097519,111.744377,3703781
8/3/2017,138.0784,138.94838,138.0784,138.565964,112.123421,3175028
8/4/2017,138.623322,138.99617,138.049713,138.776291,112.293587,2666672
8/7/2017,138.623322,138.709366,136.472275,137.160614,110.986229,4830742
8/8/2017,135.755264,136.481842,135.755264,135.860428,111.09568,3450440
8/9/2017,135.516251,135.783936,134.980881,135.53537,110.829887,3060387
8/10/2017,135.411087,136.156784,135.019119,135.602295,110.884605,4733568
8/11/2017,136.185471,136.319305,135.296371,135.602295,110.884605,3142184
8/14/2017,135.755264,136.481842,135.697891,136.061188,111.25985,2352036
8/15/2017,136.281067,137.036331,134.397705,135.822174,111.064423,4896849
8/16/2017,135.554489,136.625244,135.382416,136.233276,111.400574,3439039
8/17/2017,136.252396,136.606125,134.512421,134.512421,109.993393,4625517
8/18/2017,134.674957,134.942642,133.441681,133.556412,109.211632,4343724
8/21/2017,133.451248,134.244736,133.011475,134.158707,109.704163,3337472
8/22/2017,134.455063,134.942642,134.206497,134.808792,110.235733,2661442
8/23/2017,134.512421,136.759079,134.493301,135.889099,111.119102,4234522
8/24/2017,136.233276,137.361374,135.994263,136.653915,111.74453,3757441
8/25/2017,136.998093,137.848953,136.950287,137.418732,112.369957,3005053
8/28/2017,137.772461,138.202682,136.128113,136.242828,111.408379,5319956
8/29/2017,135.850861,137.122375,135.659653,136.845123,111.900887,3147937
8/30/2017,136.959854,136.978973,136.147232,136.290634,111.447464,2861856
8/31/2017,136.730408,137.342255,136.357559,136.73996,111.814903,3824594
9/1/2017,136.692154,138.145309,136.692154,137.74379,112.635765,3505878
9/5/2017,137.189301,138.011475,136.424469,136.749527,111.822716,3239985
9/6/2017,137.552582,138.116638,137.189301,137.495224,112.432503,3423872
9/7/2017,137.762909,138.27916,136.147232,136.615677,111.713257,4380857
9/8/2017,136.854691,136.854691,135.411087,136.185471,111.361473,3521045
9/11/2017,137.227539,138.747604,136.72084,138.489487,113.245514,4825616
9/12/2017,138.728485,139.933075,138.154877,139.349899,113.949089,5479053
9/13/2017,138.957932,139.856598,138.94838,139.569794,114.128891,4289646
9/14/2017,139.445511,139.942642,139.110901,139.139572,113.777107,3929717
9/15/2017,138.451248,138.785858,137.74379,138.451248,113.214256,7737471
9/18/2017,138.441681,139.082214,137.92543,138.193115,113.003166,3158397
9/19/2017,138.422562,138.604202,137.877625,138.040146,112.878067,3623762
9/20/2017,138.556412,139.46463,138.068832,139.46463,114.042892,5698085
9/21/2017,139.244736,139.474182,138.718933,138.871887,113.558205,2673158
9/22/2017,139.187378,139.187378,138.231354,138.747604,113.456589,2920746
9/25/2017,138.738052,139.608032,138.537292,139.455063,114.035088,5452903
9/26/2017,139.923523,140.936905,139.521988,140.114716,114.574509,4695076
9/27/2017,140.229446,140.439774,138.652008,139.254303,113.870941,3663824
9/28/2017,139.254303,139.445511,137.868073,139.254303,113.870941,2902441
9/29/2017,139.053543,139.28299,138.546844,138.699814,113.417519,2776816
10/2/2017,138.957932,140.411087,138.824097,140.210327,114.652687,3109967
10/3/2017,140.238998,140.726578,139.904404,140.325043,114.74649,2408624
10/4/2017,140.53537,140.554489,139.684509,140.038239,114.511963,2347642
10/5/2017,140.229446,141.05162,140.038239,140.267685,114.699577,2810079
10/6/2017,140.191208,140.391968,139.885284,140.038239,114.511963,2743867
10/9/2017,140.057358,141.290634,139.913956,140.908218,115.223373,2806000
10/10/2017,141.214142,142.399612,141.156784,141.969406,116.09111,4218100
10/11/2017,141.87381,141.94072,140.803055,141.128113,115.403137,3872501
10/12/2017,141.07074,141.38623,140.315491,140.564056,114.941933,3414458
10/13/2017,140.994263,141.347992,140.478012,140.630981,114.996658,2621904
10/16/2017,140.745697,141.175903,140.066925,140.372849,114.785591,3192497
10/17/2017,140.181641,140.650101,139.751434,140.095596,114.558861,6665530
10/18/2017,150.210327,154.139572,150.047806,152.514343,124.713913,31892749
10/19/2017,152.772461,153.881454,152.093689,153.824097,125.784973,10370253
10/20/2017,153.986618,155.33461,152.74379,154.942642,126.699585,8230765
10/23/2017,154.923523,155.363297,152.523895,152.533463,124.729538,6045252
10/24/2017,152.629059,152.676865,148.346085,149.024857,121.860489,8571656
10/25/2017,149.149139,149.493301,146.328873,146.749527,119.999931,7239471
10/26/2017,147.523895,148.298279,146.787766,146.845123,120.078064,4498323
10/27/2017,147.74379,147.829834,146.185471,146.9216,120.140633,5120379
10/30/2017,146.998093,147.79158,145.994263,147.571701,120.672211,4404078
10/31/2017,147.543015,148.116638,146.20459,147.284897,120.437721,4527402
11/1/2017,147.323135,148.087952,147.065002,147.25621,120.414238,3389249
11/2/2017,147.399612,147.695984,146.185471,146.606125,119.882637,3553890
11/3/2017,146.673035,146.72084,144.827911,144.913956,118.498917,4635663
11/6/2017,145.095596,145.143402,143.671127,144.206497,117.920425,4705326
11/7/2017,144.713196,144.847031,143.881454,144.694077,118.319107,3871351
11/8/2017,144.933075,145.114716,143.671127,144.904404,118.491112,4847582
11/9/2017,143.336517,145.124283,143.269592,143.690247,118.672707,4996219
11/10/2017,144.024857,144.254303,142.581268,142.600388,117.772629,4505436
11/13/2017,142.332703,142.447418,141.414917,141.87381,117.172539,5342445
11/14/2017,141.443588,142.418732,141.00383,142.342255,117.559433,3930868
11/15/2017,141.491394,142.170166,139.780121,140.630981,116.146095,4992872
11/16/2017,141.233276,143.068832,141.013382,142.562134,117.741035,5697039
11/17/2017,142.772461,143.546844,142.284897,142.418732,117.622559,5142659
11/20/2017,144.015289,145.267685,143.307846,143.891006,118.838524,5937619
11/21/2017,144.646271,145.745697,144.550674,145.267685,119.975525,3928985
11/22/2017,145.315491,145.688339,144.674957,145.095596,119.833389,3361426
11/24/2017,145.267685,145.506699,144.674957,145.162521,119.888649,1247878
11/27/2017,145.372849,145.783936,144.952194,145.296371,119.999199,3529204
11/28/2017,145.650101,146.20459,145.028687,145.764816,120.386101,4156490
11/29/2017,146.089859,146.854691,145.478012,146.797318,121.238808,5333240
11/30/2017,146.892929,147.619507,146.347992,147.198853,121.570442,6799837
12/1/2017,147.60994,148.202682,146.185471,147.954117,122.194229,5824023
12/4/2017,149.101334,149.904404,148.250473,149.579346,123.536446,4878858
12/5/2017,149.569794,149.847031,147.877625,148.518158,122.660072,5301128
12/6/2017,147.323135,149.349899,147.313583,147.323135,121.673088,3567592
12/7/2017,146.835571,147.657745,146.520081,146.816437,121.254585,3944571
12/8/2017,148.164429,148.212234,146.797318,148.001907,122.233688,3682234
12/11/2017,148.623322,149.034424,147.772461,148.575531,122.707443,4291424
12/12/2017,150.382416,150.908218,148.336517,149.847031,123.757561,6612603
12/13/2017,149.713196,149.837479,147.122375,147.141495,121.523071,5922034
12/14/2017,147.801147,148.288712,146.94072,147.227539,121.594139,4850720
12/15/2017,146.854691,147.036331,145.344162,145.793503,120.409775,11798775
12/18/2017,146.835571,147.399612,146.472275,146.587006,121.065132,5327069
12/19/2017,147.27533,147.39006,146.357559,146.491394,120.986168,4305754
12/20/2017,146.892929,147.122375,146.061188,146.223709,120.765083,3959842
12/21/2017,146.434036,146.711288,144.827911,144.837479,119.620201,4344979
12/22/2017,145.143402,146.271515,144.837479,145.793503,120.409775,3128168
12/26/2017,145.803055,147.093689,145.793503,146.108994,120.670349,2593034
12/27/2017,146.223709,146.443588,145.898666,146.395798,120.907204,2248168
12/28/2017,146.462708,147.342255,146.462708,147.265778,121.625725,2811230
12/29/2017,147.39006,147.915863,146.673035,146.673035,121.136177,3480147
1/2/2018,147.705551,148.001907,146.787766,147.466537,121.791527,4395815
1/3/2018,150.420654,152.782028,149.455063,151.520081,125.139305,9875914
1/4/2018,152.629059,155.181641,152.361374,154.588913,127.673843,7903785
1/5/2018,155.296371,155.736145,154.015289,155.344162,128.297607,5434807
1/8/2018,155.506699,156.701721,154.588913,156.281067,129.071381,5478425
1/9/2018,156.692154,157.294449,155.889099,156.625244,129.355621,4541523
1/10/2018,155.745697,157.103256,155.353729,156.959854,129.631973,4366109
1/11/2018,157.552582,157.686417,156.118546,156.978973,129.647797,3969047
1/12/2018,156.806885,157.495224,155.860428,155.965576,128.810822,5263367
1/16/2018,157.839386,158.021027,156.166351,156.644363,129.371429,8152733
1/17/2018,160.621414,161.692154,159.904404,161.233276,133.161362,12248660
1/18/2018,162.523895,163.604202,160.755264,161.682602,133.532471,14915228
1/19/2018,157.227539,158.12619,154.206497,155.229446,128.202866,22146435
1/22/2018,154.407272,156.768646,154.024857,155.449326,128.38446,8870917
1/23/2018,155.659653,158.94838,155.363297,158.938812,131.266418,7809645
1/24/2018,159.416824,161.300186,157.571701,158.097519,130.571564,5904670
1/25/2018,158.61377,159.445511,157.92543,158.193115,130.650513,3454415
1/26/2018,158.814529,160.047806,158.499039,159.980881,132.127014,3962143
1/29/2018,160.086044,160.984711,158.709366,159.46463,131.700653,3678782
1/30/2018,158.900574,159.435944,155.984711,156.424469,129.189789,5127806
1/31/2018,156.548752,157.734222,155.602295,156.500961,129.252991,4260149
2/1/2018,156.013382,156.912048,154.780121,155.258133,128.226547,4638173
2/2/2018,154.588913,154.875717,151.883362,152.036331,125.565666,5493487
2/5/2018,150.946457,151.529633,143.403442,145.822174,120.433464,9148944
2/6/2018,143.680695,148.652008,142.552582,148.508606,122.652199,10321614
2/7/2018,147.39006,148.508606,146.5392,147.084137,121.475716,6432063
2/8/2018,145.774384,146.424469,141.013382,141.099426,117.680351,7090939
2/9/2018,142.065002,143.919693,138.049713,142.934998,119.211235,8188402
2/12/2018,144.263855,145.697891,143.690247,144.741867,120.718239,6151944
2/13/2018,144.263855,144.531555,143.05928,144.120453,120.199959,5115986
2/14/2018,143.585083,148.183563,143.403442,147.954117,123.397301,5731034
2/15/2018,148.661575,149.961761,146.94072,149.149139,124.394005,5882286
2/16/2018,148.862335,150.850861,148.843216,149.311661,124.529533,4479913
2/20/2018,148.938812,149.101334,147.103256,148.336517,123.716232,4696122
2/21/2018,148.59465,149.894836,147.131927,147.189301,122.75943,3900116
2/22/2018,147.705551,148.221802,146.07074,146.443588,122.137505,4209732
2/23/2018,147.514343,148.99617,147.294449,148.680695,124.003304,3405881
2/26/2018,148.957932,151.892929,148.671127,151.606125,126.443161,3776374
2/27/2018,151.491394,152.753342,149.646271,149.66539,124.824554,4432216
2/28/2018,150.573608,151.185471,148.94838,148.977051,124.250465,3978461
3/1/2018,148.690247,150.066925,146.07074,147.045883,122.639832,4225108
3/2/2018,146.07074,147.954117,145.20076,147.695984,123.182037,3411111
3/5/2018,147.342255,150.564056,146.988525,150.047806,125.143494,3839448
3/6/2018,150.363297,150.946457,148.336517,148.871887,124.162735,3855242
3/7/2018,148.183563,151.845123,147.92543,151.357559,126.235832,4819654
3/8/2018,152.007645,152.552582,148.250473,149.340347,124.553459,6752558
3/9/2018,150.544937,152.562134,150.382416,152.304016,127.02523,5253221
3/12/2018,152.619507,153.938812,151.883362,153.212234,127.7827,5296421
3/13/2018,153.049713,154.980881,151.826004,152.313583,127.033211,4378138
3/14/2018,153.12619,153.61377,150.803055,151.166351,126.076408,3798863
3/15/2018,151.730408,154.158707,151.548752,152.59082,127.26442,4048648
3/16/2018,153.021027,154.856598,152.619507,153.212234,127.7827,9688784
3/19/2018,152.686417,152.858505,149.569794,150.430206,125.46244,5734172
3/20/2018,150.592728,150.984711,148.4608,149.33078,124.545471,4536188
3/21/2018,149.684509,151.242828,149.063095,149.79924,124.936172,3642381
3/22/2018,148.183563,148.422562,145.315491,145.401535,121.26841,4964630
3/23/2018,145.554489,145.86998,142.007645,142.342255,118.716881,4645181
3/26/2018,144.560226,146.902481,143.671127,146.625244,122.288986,4292679
3/27/2018,147.179733,148.05928,144.512421,145.229446,121.12487,4062350
3/28/2018,145.382416,147.093689,145.210327,145.812622,121.611244,3833381
3/29/2018,146.338425,147.122375,144.435944,146.682602,122.336823,3577320
4/2/2018,146.596558,146.634796,141.902481,143.470367,119.657761,5387318
4/3/2018,144.168259,144.359467,141.778198,143.26004,119.482338,4325942
4/4/2018,141.38623,147.676865,140.965576,147.342255,122.886993,5026344
4/5/2018,147.648178,148.107071,146.596558,147.25621,122.815247,3331928
4/6/2018,146.711288,147.179733,142.963669,143.94838,120.056442,3841853
4/9/2018,145.124283,147.858505,145.066925,145.975143,121.746773,4616207
4/10/2018,148.212234,149.713196,147.94455,148.556412,123.899651,3981494
4/11/2018,147.581268,148.92926,147.112808,148.527725,123.87571,3458599
4/12/2018,149.856598,151.988525,149.780121,151.118546,126.036545,5898812
4/13/2018,151.692154,152.217972,149.053543,149.818359,124.952133,4243727
4/16/2018,151.042068,152.141495,150.736145,150.946457,125.892975,4379393
4/17/2018,151.835571,154.875717,151.5392,153.833649,128.30098,10677045
4/18/2018,145.449326,145.917786,141.73996,142.246658,118.637146,21319258
4/19/2018,142.629059,142.648178,140.172089,141.20459,117.768044,8458061
4/20/2018,141.395798,141.462708,138.154877,138.527725,115.535492,8645818
4/23/2018,138.652008,139.541107,137.982788,139.445511,116.300934,5560118
4/24/2018,140.066925,140.822174,138.173996,139.158707,116.061714,5142659
4/25/2018,139.378586,139.961761,137.772461,139.521988,116.364723,7663414
4/26/2018,140.152969,140.879547,139.770554,140.267685,116.986618,4462027
4/27/2018,140.382416,140.774384,139.254303,140.038239,116.79528,3352953
4/30/2018,140.401535,140.898666,138.585083,138.585083,115.583298,4618613
5/1/2018,138.288712,138.642441,137.160614,138.623322,115.615211,4637336
5/2/2018,138.107071,138.451248,135.822174,136.185471,113.581963,5433865
5/3/2018,135.879547,135.975143,133.747604,135.745697,113.215187,5249456
5/4/2018,134.894836,138.001907,134.110901,137.581268,114.746124,4604701
5/7/2018,137.667297,137.973236,136.367111,136.9216,114.195908,3825222
5/8/2018,136.711288,137.198853,135.812622,136.711288,114.020531,5616079
5/9/2018,135.659653,136.730408,135.066925,136.338425,114.971809,4389016
5/10/2018,136.854691,137.982788,136.72084,137.896744,116.285896,3898024
5/11/2018,137.772461,138.479919,137.265778,137.801147,116.205299,3214567
5/14/2018,138.116638,138.738052,137.801147,137.954117,116.33429,3364041
5/15/2018,137.189301,137.657745,136.634796,137.418732,115.88282,4277512
5/16/2018,137.380493,138.652008,136.969406,138.269592,116.600342,3314460
5/17/2018,138.145309,138.804977,137.447418,138.145309,116.495544,3292494
5/18/2018,138.116638,138.565964,137.657745,137.74379,116.156929,2805581
5/21/2018,138.575531,139.617584,138.317398,139.091782,117.293686,3027856
5/22/2018,139.120453,139.770554,138.623322,138.709366,116.971184,2389064
5/23/2018,138.001907,138.336517,137.170166,138.307846,116.632591,3618846
5/24/2018,138.040146,138.12619,136.663483,137.734222,116.148865,3555040
5/25/2018,137.571701,138.212234,137.151047,137.323135,115.8022,5140358
5/29/2018,136.261948,136.606125,134.043976,135.009567,113.851212,4746330
5/30/2018,135.659653,136.806885,135.583176,136.347992,114.979881,5353951
5/31/2018,136.529633,136.529633,134.847031,135.095596,113.923759,7144494
6/1/2018,136.166351,136.558319,135.391968,135.707458,114.43972,4034945
6/4/2018,136.042068,136.87381,135.927338,136.749527,115.318489,3174924
6/5/2018,136.759079,137.74379,136.749527,137.380493,115.850555,2966456
6/6/2018,137.992355,138.355637,137.227539,138.346085,116.664848,3368225
6/7/2018,138.623322,140.248566,138.556412,138.967499,117.188858,4515059
6/8/2018,138.623322,139.990433,138.021027,139.713196,117.81768,5450183
6/11/2018,140.172089,140.927338,139.713196,140.13385,118.172432,3409960
6/12/2018,140.630981,141.032501,140.172089,140.411087,118.406212,2761963
6/13/2018,140.33461,140.984711,139.770554,139.913956,117.987,3104737
6/14/2018,140.20076,140.516251,138.709366,138.814529,117.05986,3479310
6/15/2018,138.527725,139.072662,137.380493,138.99617,117.213043,9535336
6/18/2018,137.839386,138.164429,136.845123,138.12619,116.479401,4483574
6/19/2018,136.826004,137.877625,136.663483,137.571701,116.011841,3647402
6/20/2018,137.877625,138.164429,136.147232,136.357559,114.987946,3483075
6/21/2018,136.319305,136.845123,134.636703,135.038239,113.87542,4066534
6/22/2018,135.411087,135.573608,134.588913,135.066925,113.899574,5869420
6/25/2018,134.225616,134.225616,132.198853,132.686417,111.892151,9348207
6/26/2018,133.231354,133.699814,132.246658,132.963669,112.125938,4329917
6/27/2018,132.992355,133.632889,131.40535,131.434036,110.836037,4290483
6/28/2018,132.026764,134.359467,131.883362,133.881454,112.899902,4731790
6/29/2018,134.149139,135.143402,133.470367,133.556412,112.625778,3880765
7/2/2018,132.198853,134.053543,132.122375,133.709366,112.754768,3562048
7/3/2018,134.46463,134.741867,133.240921,133.432129,112.520973,2053507
7/5/2018,134.302109,135.210327,133.776291,135.210327,114.020515,3916956
7/6/2018,135.305923,136.653915,134.961761,136.214142,114.867027,2980054
7/9/2018,136.319305,138.355637,136.20459,138.040146,116.406845,4084316
7/10/2018,138.154877,139.187378,137.915863,138.346085,116.664848,3950742
7/11/2018,137.667297,139.761002,137.667297,138.565964,116.850266,3688824
7/12/2018,139.435944,140.372849,139.33078,140.009567,118.067635,3262997
7/13/2018,140.009567,140.516251,139.388138,139.483749,117.624207,3203480
7/16/2018,139.263855,139.378586,137.868073,139.063095,117.269501,3628365
7/17/2018,138.384323,138.623322,137.036331,137.179733,115.681274,5331148
7/18/2018,137.198853,138.432129,136.462708,138.164429,116.511665,7254324
7/19/2018,141.347992,143.919693,140.774384,142.676865,120.316917,15329967
7/20/2018,142.045883,142.313583,139.827911,139.913956,117.987,6709672
7/23/2018,139.913956,140.248566,138.632889,139.292542,117.462975,4077203
7/24/2018,140.248566,140.573608,139.502869,139.942642,118.0112,4070614
7/25/2018,139.588913,140.20076,139.101334,140.172089,118.204681,3797921
7/26/2018,140.946457,142.705551,140.181641,140.258133,118.277229,4997788
7/27/2018,140.430206,140.66922,138.298279,138.766724,117.019562,3921768
7/30/2018,138.432129,139.808792,138.326965,139.091782,117.293686,3774177
7/31/2018,139.33078,139.388138,137.820267,138.556412,116.842209,5726013
8/1/2018,138.393875,138.804977,137.036331,137.189301,115.689354,3544266
8/2/2018,136.577438,137.05545,136.07074,136.673035,115.254013,4018104
8/3/2018,136.94072,141.414917,136.711288,141.20459,119.075371,8424066
8/6/2018,140.487579,140.726578,139.168259,139.608032,117.729027,4093730
8/7/2018,140.20076,141.147232,139.913956,140.544937,118.519104,3670205
8/8/2018,140.850861,140.946457,139.808792,140.430206,118.42234,3745831
8/9/2018,139.13002,139.521988,138.365204,138.403442,117.974136,3235801
8/10/2018,138.145309,138.690247,137.552582,138.12619,117.737808,3141243
8/13/2018,137.810699,137.954117,136.261948,136.434036,116.295418,2989991
8/14/2018,136.711288,137.495224,136.644363,137.05545,116.825142,2991560
8/15/2018,136.281067,137.667297,135.755264,137.581268,117.273354,4436609
8/16/2018,138.021027,139.273422,138.021027,138.94838,118.438637,5492232
8/17/2018,138.422562,139.952194,138.326965,139.636703,119.025391,2801816
8/20/2018,139.933075,140.688339,139.722748,140.066925,119.392097,2614686
8/21/2018,140.53537,140.650101,139.474182,139.550674,118.952042,3249817
8/22/2018,139.588913,139.732315,138.804977,138.852768,118.35714,2498894
8/23/2018,138.661575,139.120453,138.384323,138.977051,118.463066,2322538
8/24/2018,139.063095,139.66539,138.499039,139.617584,119.009079,2904324
8/27/2018,140.478012,141.128113,140.076477,140.238998,119.538765,3652214
8/28/2018,140.487579,140.525818,139.761002,140.143402,119.457275,2568244
8/29/2018,140.411087,141.424469,140.152969,141.05162,120.231422,3298875
8/30/2018,140.564056,140.822174,138.862335,139.512421,118.919434,3494058
8/31/2018,139.311661,140.325043,139.139572,140.038239,119.367638,3648971
9/4/2018,139.560226,139.761002,138.441681,139.273422,118.715706,3479205
9/5/2018,138.804977,140.296371,138.671127,140.210327,119.514351,3270319
9/6/2018,140.420654,141.166351,139.139572,139.952194,119.294289,4444245
9/7/2018,139.521988,140.057358,138.738052,139.053543,118.528305,4908983
9/10/2018,140.152969,140.822174,139.158707,139.244736,118.691254,3784742
9/11/2018,139.579346,140.525818,138.862335,140.047806,119.375786,3529936
9/12/2018,139.933075,141.472275,139.608032,140.124283,119.440987,4714008
9/13/2018,140.86998,142.447418,140.650101,142.399612,121.380455,5592439
9/14/2018,142.304016,142.734222,141.281067,141.806885,120.875221,3610897
9/17/2018,141.912048,142.514343,141.271515,141.434036,120.557388,3715287
9/18/2018,141.261948,142.437866,140.984711,142.026764,121.06266,3796352
9/19/2018,142.093689,143.365204,141.711288,142.504776,121.470085,4441525
9/20/2018,143.001907,144.722748,142.868073,144.502869,123.173233,6226001
9/21/2018,144.818359,145.889099,144.110901,144.694077,123.336235,20865085
9/24/2018,144.455063,144.550674,142.887192,143.432129,122.260567,4461190
9/25/2018,143.317398,143.79541,141.835571,142.361374,121.347855,4599785
9/26/2018,145.697891,146.606125,144.684509,144.942642,123.548088,7742387
9/27/2018,145.325043,145.688339,144.512421,144.837479,123.458481,3637570
9/28/2018,144.512421,144.961761,144.158707,144.560226,123.222153,3457867
10/1/2018,145.038239,146.673035,145.038239,146.271515,124.680817,3930240
10/2/2018,146.261948,147.07457,145.793503,146.988525,125.292015,3169275
10/3/2018,147.227539,147.571701,146.080307,146.481842,124.860115,3467804
10/4/2018,145.019119,146.080307,143.747604,144.655838,123.30365,4432843
10/5/2018,144.263855,145.114716,141.367111,142.476105,121.445656,4813901
10/8/2018,141.969406,142.514343,140.707458,141.864243,120.924103,3388308
10/9/2018,141.567871,141.835571,140.468445,140.764816,119.986938,3809950
10/10/2018,141.013382,141.195023,136.233276,136.414917,116.27916,5802894
10/11/2018,136.347992,137.848953,132.676865,132.906311,113.288414,9111183
10/12/2018,134.913956,135.315491,132.963669,134.655838,114.779724,6865316
10/15/2018,134.206497,136.00383,133.977051,134.923523,115.007904,5193913
10/16/2018,136.644363,139.053543,135.353729,138.738052,118.259384,9095493
10/17/2018,129.913956,131.118546,127.552582,128.154877,109.238335,20359344
10/18/2018,126.892921,127.533463,124.32122,124.808792,106.386169,10472238
10/19/2018,124.904396,126.089867,122.332695,123.422562,105.204552,8150014
10/22/2018,123.881454,124.703636,122.753349,124.302101,105.954262,5982597
10/23/2018,123.346077,126.099426,122.762909,125.439774,106.924019,6760926
10/24/2018,125.401527,125.898659,121.414917,121.615677,103.664375,5972974
10/25/2018,121.653923,122.170174,119.636711,120.889099,103.045044,10778298
10/26/2018,119.703636,120.248566,118.2696,119.302101,101.692284,9170282
10/29/2018,114.091782,118.499046,113.097511,114.378586,97.495514,21391118
10/30/2018,115.181641,116.156792,110.086044,110.32505,94.040306,22445696
10/31/2018,111.367111,111.376671,109.072655,110.353729,94.064774,22640670
11/1/2018,110.420647,111.854683,110.047798,111.692162,95.205635,14253528
11/2/2018,112.342255,112.571701,109.502869,110.583176,94.260345,11079964
11/5/2018,110.994263,115.458893,110.898659,114.780113,97.837784,9565252
11/6/2018,115.391968,118.365204,115.019119,117.705544,100.331398,10038880
11/7/2018,118.346077,119.560226,116.950287,119.349907,101.73304,12952304
11/8/2018,117.265778,118.929253,117.237091,117.954109,101.82383,10874634
11/9/2018,118.173996,119.091782,116.596558,118.107079,101.955864,7282043
11/12/2018,118.068832,118.135757,115.34417,115.583176,99.777115,5626539
11/13/2018,115.86042,116.873802,114.627151,115.52581,99.727592,4272282
11/14/2018,115.783936,116.567879,114.502869,114.913956,99.199417,4981366
11/15/2018,114.397705,116.099426,114.254303,116.099426,100.222771,5447463
11/16/2018,115.573616,116.491394,115.239006,116.223709,100.330055,4263810
11/19/2018,116.281075,116.806885,114.502869,115.019119,99.290184,4321235
11/20/2018,113.27916,114.235184,111.567879,112.045891,96.723557,6520555
11/21/2018,112.437859,114.254303,112.227531,113.355644,97.854202,5581247
11/23/2018,112.896751,113.135757,111.768639,112.036331,96.715286,2442096
11/26/2018,113.164436,114.961761,112.868073,114.302101,98.671227,5241611
11/27/2018,113.173996,114.760994,113.164436,114.751434,99.059113,5129375
11/28/2018,115.688339,117.676865,114.933075,117.59082,101.510216,5339307
11/29/2018,117.05545,117.705544,116.061188,116.137665,100.255775,5439305
11/30/2018,116.309753,119.206497,116.137665,118.80497,102.558319,7585174
12/3/2018,120.143402,121.022942,118.891014,119.799232,103.416611,6115334
12/4/2018,119.015297,119.426384,115.994263,116.252388,100.354805,6276732
12/6/2018,114.45507,118.4608,114.053535,118.4608,102.261215,7257148
12/7/2018,118.451241,118.594643,113.642448,114.091782,98.489677,7342502
12/10/2018,114.47419,116.328873,113.307838,115.803062,99.966942,6850777
12/11/2018,117.829826,118.365204,114.722755,115.573616,99.768852,5275083
12/12/2018,117.122368,117.476097,115.67878,115.831741,99.991684,3724283
12/13/2018,115.927345,116.434036,114.885277,115.420647,99.636803,4177306
12/14/2018,114.244743,115.783936,114.187378,114.627151,98.95182,4763693
12/17/2018,113.833649,114.512428,110.00956,110.994263,95.81575,7713727
12/18/2018,111.759079,113.030594,110.917786,111.520073,96.269638,6579549
12/19/2018,111.998085,114.980881,110.86998,111.309753,96.088081,7300871
12/20/2018,110.611855,111.328873,106.787766,108.049713,93.273865,8843302
12/21/2018,107.552582,110.210327,105.583176,106.061188,91.557251,10864279
12/24/2018,105.066925,106.118546,102.772469,102.839386,88.776031,3997184
12/26/2018,103.250481,106.491394,101.281075,106.491394,91.928642,6951507
12/27/2018,105.152962,108.776291,104.65583,108.776291,93.90107,6323698
12/28/2018,109.196938,109.751434,107.552582,108.059273,93.282104,5352905
12/31/2018,108.346077,109.32122,107.476097,108.671127,93.810303,5212009
1/2/2019,107.084129,110.879539,106.778206,110.143402,95.081238,4434935
1/3/2019,109.493309,109.827919,107.734222,107.94455,93.183075,4546648
1/4/2019,109.856598,112.323135,109.407265,112.160614,96.822594,4683779
1/7/2019,112.332695,113.60421,111.5392,112.954109,97.507568,3923755
1/8/2019,114.397705,115.267685,113.747612,114.560226,98.894051,4982726
1/9/2019,115.592735,116.061188,114.598473,115.382408,99.603798,3800850
1/10/2019,114.799232,116.500954,114.67495,116.434036,100.51162,4089860
1/11/2019,116.233269,116.271507,114.913956,116.118546,100.239273,3893630
1/14/2019,115.210327,115.34417,114.493309,115.095604,99.356216,5469220
1/15/2019,115.640533,116.567879,115.506691,116.376671,100.462105,3668845
1/16/2019,116.233269,116.634796,115.516251,116.271507,100.371315,4017791
1/17/2019,115.258125,117.026772,115.248566,116.816444,100.841728,5261275
1/18/2019,117.848946,119.235184,117.313576,118.374763,102.186943,6284891
1/22/2019,117.877632,118.355644,116.19503,117.131927,101.114075,10514810
1/23/2019,125.592735,129.063095,124.579353,127.045891,109.672295,23078630
1/24/2019,126.797325,127.351814,125.650093,126.701721,109.375183,6613753
1/25/2019,127.026772,128.527725,126.606117,128.0784,110.563599,5969940
1/28/2019,127.246651,128.881454,126.749519,128.365204,110.811195,5604154
1/29/2019,128.384323,129.455063,127.724663,128.422562,110.860695,5268807
1/30/2019,128.107071,129.091782,127.39006,128.470367,110.901978,4707941
1/31/2019,128.537292,128.79541,127.858505,128.508606,110.934982,5108664
2/1/2019,129.034424,129.254303,127.485657,128.202682,110.670898,3981076
2/4/2019,128.12619,129.254303,127.141495,129.244736,111.570435,4149064
2/5/2019,129.33078,129.847031,128.986618,129.588913,111.867554,5647249
2/6/2019,129.273422,130.640533,129.225616,130.325043,112.503029,5104166
2/7/2019,127.676865,128.556412,126.309753,127.332695,111.200592,4580852
2/8/2019,126.520073,127.829826,126.376671,127.829826,111.634727,3399291
2/11/2019,128.384323,129.206497,128.021027,128.097519,111.8685,3237475
2/12/2019,129.206497,130.210327,128.92926,130.066925,113.588394,3469791
2/13/2019,130.898666,131.854691,130.411087,131.472275,114.815704,4448638
2/14/2019,131.137665,131.548752,130.219879,130.478012,113.947403,2917712
2/15/2019,131.529633,132.112808,131.347992,131.959854,115.241524,4020929
2/19/2019,131.749527,132.600388,131.319305,132.600388,115.800896,3541442
2/20/2019,132.657745,133.116638,131.185471,131.931168,115.216469,3976892
2/21/2019,131.759079,132.265778,131.309753,131.778198,115.08287,3072416
2/22/2019,132.629059,133.250473,132.342255,133.12619,116.260086,3256930
2/25/2019,133.843216,134.292542,133.193115,133.326965,116.435417,3341133
2/26/2019,133.527725,134.311661,133.336517,133.575531,116.652512,3201178
2/27/2019,133.12619,133.432129,132.313583,133.049713,116.193306,2647321
2/28/2019,132.667297,132.94455,131.663483,132.05545,115.325005,3616859
3/1/2019,133.183563,133.881454,132.543015,133.0784,116.218353,3169380
3/4/2019,133.833649,133.919693,131.137665,132.342255,115.57547,3563617
3/5/2019,132.284897,132.638626,131.510513,131.816437,115.116264,4445814
3/6/2019,132.045883,132.304016,130.707458,130.956024,114.364861,2895642
3/7/2019,130.602295,130.86998,128.709366,129.407272,113.012321,4559305
3/8/2019,128.307846,129.292542,127.705544,129.149139,112.786896,3947186
3/11/2019,130.047806,131.673035,129.86615,131.653915,114.974319,4120508
3/12/2019,132.428299,133.556412,131.797318,132.198853,115.450226,4136616
3/13/2019,131.978973,133.193115,131.787766,132.466537,115.684006,3319167
3/14/2019,132.418732,132.829834,131.988525,132.686417,115.87603,2864576
3/15/2019,133.240921,134.158707,133.107071,133.298279,116.41037,7482770
3/18/2019,133.680695,134.196945,132.619507,134.043976,117.061592,3418851
3/19/2019,134.761002,135.468445,133.843216,134.311661,117.295364,3642486
3/20/2019,134.349899,134.512421,132.868073,133.4608,116.552299,3817377
3/21/2019,132.982788,135.86998,132.772461,135.219879,118.088509,3771248
3/22/2019,134.770554,135.219879,132.79158,133.317398,116.427071,4055551
3/25/2019,132.94455,133.757172,132.265778,133.05928,116.201645,2970431
3/26/2019,133.776291,134.818359,133.288712,134.053543,117.069954,2671170
3/27/2019,134.235184,134.311661,132.313583,133.116638,116.25174,3240717
3/28/2019,133.757172,134.263855,132.982788,133.766724,116.819489,2786439
3/29/2019,134.321228,135.009567,133.986618,134.894836,117.804665,3244064
4/1/2019,135.286804,137.103256,135.286804,136.998093,119.641441,4167578
4/2/2019,137.045883,137.619507,136.328873,136.711288,119.390984,2515421
4/3/2019,137.332703,137.877625,136.72084,137.313583,119.916946,2804535
4/4/2019,137.304016,137.801147,136.271515,136.500961,119.207298,2898571
4/5/2019,136.988525,137.189301,136.195023,136.978973,119.624763,2857463
4/8/2019,136.730408,137.112808,136.587006,137.084137,119.716606,2215637
4/9/2019,136.38623,136.663483,135.602295,135.860428,118.647926,3178271
4/10/2019,135.946457,137.189301,135.736145,136.730408,119.407669,2801188
4/11/2019,137.476105,137.772461,136.73996,137.456985,120.042213,3077332
4/12/2019,137.915863,138.087952,137.380493,138.001907,120.518082,3032249
4/15/2019,138.049713,138.107071,136.969406,137.571701,120.14238,3768947
4/16/2019,138.049713,138.99617,137.686417,138.757172,121.177673,6591578
4/17/2019,131.328873,135.736145,130.267685,132.992355,116.143204,13101882
4/18/2019,132.887192,134.311661,132.600388,134.158707,117.161789,5188160
4/22/2019,133.288712,134.378586,132.39006,132.782028,115.959526,4700724
4/23/2019,133.030594,134.722748,132.829834,134.263855,117.253624,4667461
4/24/2019,134.416824,135.095596,133.632889,133.79541,116.844513,2902545
4/25/2019,133.556412,133.604202,131.653915,132.533463,115.742462,3043965
4/26/2019,133.212234,133.738052,132.705551,133.307846,116.418724,2426511
4/29/2019,133.030594,133.489487,132.705551,132.934998,116.093109,3094382
4/30/2019,132.992355,134.263855,132.581268,134.101334,117.111702,4852185
5/1/2019,134.369019,135.573608,134.005737,134.378586,117.353821,3194170
5/2/2019,134.321228,135.066925,133.27916,133.451248,116.543953,3704304
5/3/2019,133.556412,134.79924,133.489487,134.082214,117.094986,2698575
5/6/2019,132.217972,134.502869,131.835571,134.206497,117.203529,2921792
5/7/2019,133.030594,133.374756,130.20076,131.587006,114.915901,4944233
5/8/2019,131.711288,132.600388,131.099426,131.931168,115.216469,3994569
5/9/2019,128.957932,129.617584,127.179733,129.388138,114.337837,4385564
5/10/2019,128.94838,129.780121,126.596558,129.369019,114.320953,4160570
5/13/2019,127.418739,127.695984,125.200768,125.640533,111.026161,5186068
5/14/2019,126.022942,128.412994,125.889099,127.447418,112.622871,3431298
5/15/2019,126.759079,128.671127,126.548759,128.489487,113.543716,2668346
5/16/2019,128.814529,130.124283,128.718933,129.904404,114.79406,3156096
5/17/2019,128.757172,129.455063,128.049713,128.412994,113.47612,2739579
5/20/2019,127.657745,129.474182,127.084129,129.177826,114.152,3414667
5/21/2019,130.13385,131.032501,129.818359,130.449326,115.275589,2618661
5/22/2019,130.019119,130.736145,129.741867,130.353729,115.191124,1934891
5/23/2019,129.187378,129.187378,124.703636,126.567879,111.845642,5589196
5/24/2019,127.657745,128.346085,125.803062,126.462715,111.752701,2715521
5/28/2019,126.319313,126.806885,124.541107,124.722755,110.215134,5134605
5/29/2019,124.282982,124.550667,122.676865,123.986618,109.564621,3848234
5/30/2019,124.034416,124.254303,123.26004,123.871895,109.463234,2868027
5/31/2019,122.791588,122.791588,121.271507,121.405357,107.2836,3702108
6/3/2019,121.510513,122.906311,121.472275,122.629066,108.364975,4463177
6/4/2019,123.862335,126.902489,123.413002,126.854683,112.099083,4093521
6/5/2019,127.514343,127.734222,124.732315,125.707458,111.085289,3306720
6/6/2019,126.376671,126.816444,125.143402,126.405357,111.702011,2403917
6/7/2019,126.644356,128.79541,126.39579,127.447418,112.622871,2670856
6/10/2019,128.470367,129.397705,128.021027,128.814529,113.830956,3045220
6/11/2019,129.369019,130.458893,129.110901,129.971313,114.85318,3564036
6/12/2019,129.598465,129.961761,128.499039,128.938812,113.940796,2358416
6/13/2019,129.187378,130.277252,129.149139,129.789673,114.692665,3091244
6/14/2019,129.483749,129.904404,128.518158,129.206497,114.17733,2294192
6/17/2019,129.435944,130.047806,128.776291,129.015289,114.008369,2295029
6/18/2019,129.254303,131.156784,129.254303,130.382416,115.216469,3048776
6/19/2019,130.430206,132.27533,130.248566,131.05162,115.807831,2491990
6/20/2019,132.820267,133.403442,132.122375,132.74379,117.303177,3212266
6/21/2019,132.351822,133.403442,132.304016,133.0784,117.598854,5531980
6/24/2019,133.0784,133.986618,132.934998,133.221802,117.725578,2286556
6/25/2019,133.326965,133.412994,132.05545,132.27533,116.889198,2930055
6/26/2019,132.762909,133.537292,132.323135,132.428299,117.024376,2389692
6/27/2019,132.619507,133.173996,131.883362,132.428299,117.024376,2248691
6/28/2019,132.476105,133.021027,131.778198,131.835571,116.500587,6436979
7/1/2019,133.4608,135.267685,133.154877,133.728485,118.17334,3533074
7/2/2019,133.604202,134.254303,133.336517,134.053543,118.460579,2520546
7/3/2019,134.531555,135.583176,134.254303,135.315491,119.575729,2019198
7/5/2019,134.674957,135.267685,133.757172,135.162521,119.440552,2232896
7/8/2019,134.847031,135.076477,134.101334,134.388138,118.756256,2505484
7/9/2019,134.426392,134.789673,133.011475,133.202682,117.708679,3519999
7/10/2019,133.843216,135.66922,133.642441,134.292542,118.671761,2629539
7/11/2019,134.598465,135.353729,134.13002,135.028687,119.322281,2231013
7/12/2019,135.678772,136.634796,135.430206,136.462708,120.5895,2914365
7/15/2019,136.606125,137.198853,135.86998,137.017212,121.079483,2477242
7/16/2019,136.87381,137.705551,136.730408,137.217972,121.25692,3634536
7/17/2019,137.294449,137.476105,135.707458,136.778198,120.868294,6343258
7/18/2019,136.233276,143.699814,135.946457,143.049713,126.410309,13276460
7/19/2019,143.365204,144.913956,142.973236,143.097519,126.452553,7626072
7/22/2019,143.556412,145.258133,143.116638,143.154877,126.503242,4280860
7/23/2019,143.94838,144.091782,141.854691,143.766724,127.04393,3914341
7/24/2019,143.518158,144.789673,142.638626,143.432129,126.748238,3088210
7/25/2019,143.231354,143.99617,142.07457,143.776291,127.052361,3244797
7/26/2019,144.359467,144.751434,143.499039,144.703629,127.871857,3037898
7/29/2019,144.46463,144.818359,143.709366,144.244736,127.466324,2170973
7/30/2019,143.403442,143.785858,142.657745,143.183563,126.52861,2753804
7/31/2019,143.116638,143.575531,139.952194,141.72084,125.236,3894153
8/1/2019,142.351822,146.099426,141.969406,143.709366,126.993248,6635824
8/2/2019,142.476105,146.223709,139.187378,140.774384,124.399635,8474378
8/5/2019,138.604202,138.718933,133.030594,134.569794,118.916779,7442185
8/6/2019,135.783936,136.20459,133.183563,134.541107,118.891418,5303952
8/7/2019,132.638626,133.441681,130.411087,132.992355,117.522827,6204767
8/8/2019,132.361374,134.244736,131.701721,133.938812,119.753769,5503111
8/9/2019,133.145309,133.183563,129.397705,130.143402,116.360321,5485852
8/12/2019,129.694077,129.894836,127.323135,127.791588,114.257584,4271759
8/13/2019,127.915871,130.564056,126.969406,129.818359,116.069702,4730117
8/14/2019,128.021027,128.26004,125.219887,125.478012,112.189026,5349453
8/15/2019,125.449333,126.548759,124.521988,126.118546,112.761726,3910889
8/16/2019,127.189293,128.671127,127.103249,127.877632,114.334511,3150552
8/19/2019,128.94838,130.33461,128.94838,129.101334,115.428612,3310695
8/20/2019,129.292542,129.33078,126.969406,127.151054,113.684883,3157456
8/21/2019,129.024857,129.961761,127.915871,128.346085,114.753357,2934762
8/22/2019,128.766724,129.713196,127.92543,128.412994,114.813171,2818865
8/23/2019,127.753349,128.355637,123.164436,123.871895,110.752998,5040046
8/26/2019,125.286804,125.52581,123.479927,124.273422,111.112015,2964259
8/27/2019,125.430206,125.908218,124.579353,125.401527,112.120644,4945488
8/28/2019,124.703636,127.045891,124.32122,126.921608,113.479744,2838426
8/29/2019,128.27916,129.722748,128.145309,128.94838,115.291862,3108503
8/30/2019,129.617584,130.086044,128.451248,129.569794,115.847466,3096788
9/3/2019,128.919693,128.967499,127.466537,128.202682,114.625137,2957983
9/4/2019,129.741867,130.430206,129.206497,130.325043,116.522728,2351303
9/5/2019,132.217972,135.468445,131.978973,134.770554,120.497429,5242134
9/6/2019,135.296371,135.305923,134.28299,134.388138,120.155518,2695333
9/9/2019,134.407272,136.730408,134.28299,136.328873,121.890709,4421024
9/10/2019,136.711288,139.063095,136.673035,138.671127,123.984917,5208766
9/11/2019,138.479919,138.738052,136.434036,137.284897,122.745476,4047706
9/12/2019,137.695984,137.705551,135.640533,137.304016,122.762581,2620648
9/13/2019,137.973236,138.288712,136.959854,137.351822,122.805336,2308104
9/16/2019,136.290634,137.323135,136.013382,136.214142,121.788132,2017211
9/17/2019,136.214142,136.214142,134.474182,135.946457,121.548805,3068127
9/18/2019,135.803055,136.042068,134.33078,135.965576,121.565887,2074846
9/19/2019,136.195023,138.652008,136.185471,136.682602,122.206993,3232035
9/20/2019,136.950287,137.504776,135.583176,135.640533,121.275269,5432296
9/23/2019,134.980881,135.965576,134.378586,135.822174,121.437675,1901523
9/24/2019,136.233276,136.606125,134.86615,135.449326,121.104301,3380254
9/25/2019,135.506699,137.313583,134.66539,136.864243,122.369385,2642928
9/26/2019,136.87381,137.552582,135.191208,137.237091,122.702751,2416051
9/27/2019,138.05928,138.709366,136.118546,136.94072,122.437752,2465213
9/30/2019,137.40918,140.124283,137.40918,139.024857,124.301163,4171866
10/1/2019,139.187378,140.86998,137.227539,137.342255,122.796761,3096997
10/2/2019,135.936905,136.013382,134.388138,135.458893,121.112854,3494477
10/3/2019,135.391968,135.822174,133.05928,135.774384,121.394936,3063525
10/4/2019,135.812622,136.768646,134.827911,136.701721,122.224091,2524626
10/7/2019,136.00383,136.424469,135.009567,135.066925,120.762405,2538119
10/8/2019,134.072662,134.292542,132.170166,132.294449,118.283577,3373768
10/9/2019,133.623322,134.158707,132.686417,133.527725,119.386223,2741357
10/10/2019,133.623322,135.544937,133.422562,134.923523,120.634178,2713010
10/11/2019,136.491394,138.145309,136.338425,136.481842,122.027473,3134653
10/14/2019,136.05162,136.166351,135.105164,135.793503,121.412041,2415737
10/15/2019,136.271515,137.399612,135.573608,136.711288,122.232635,3164673
10/16/2019,136.223709,136.663483,135.172089,135.860428,121.471878,5577900
10/17/2019,129.063095,130.019119,127.06501,128.355637,114.761894,16484751
10/18/2019,128.317398,128.575531,126.434036,128.193115,114.616585,7507665
10/21/2019,126.778206,127.246651,125.143402,126.749519,113.325874,6596181
10/22/2019,126.72084,128.154877,125.822182,128.068832,114.505463,4353034
10/23/2019,127.648186,128.652008,126.864243,128.470367,114.864471,3777001
10/24/2019,128.900574,129.13002,127.437859,128.173996,114.59948,2718031
10/25/2019,128.221802,129.952194,128.202682,129.483749,115.770523,2697739
10/28/2019,130.019119,130.621414,129.493301,129.990433,116.223557,3374501
10/29/2019,129.46463,129.608032,127.571701,127.93499,114.385788,4352092
10/30/2019,127.94455,129.33078,127.342255,129.302109,115.608131,2356638
10/31/2019,129.168259,129.302109,127.370934,127.848946,114.308861,3569057
11/1/2019,128.585083,129.598465,128.193115,129.569794,115.847466,3231931
11/4/2019,130.248566,131.682602,130.238998,131.615677,117.676682,3488828
11/5/2019,131.73996,132.657745,131.577438,131.826004,117.864716,3153690
11/6/2019,131.931168,132.676865,131.500961,132.676865,118.625488,4683256
11/7/2019,131.806885,133.021027,131.529633,131.634796,119.083847,4261195
11/8/2019,131.529633,131.558319,130.172089,131.558319,119.014664,2383206
11/11/2019,131.166351,131.166351,129.063095,129.512421,117.163841,2686128
11/12/2019,129.894836,130.650101,129.082214,129.627151,117.267632,3186639
11/13/2019,129.435944,129.617584,127.963669,128.565964,116.307625,3052646
11/14/2019,128.231354,128.422562,127.466537,128.107071,115.892487,4425940
11/15/2019,128.479919,129.177826,128.135757,128.489487,116.238434,3412575
11/18/2019,128.393875,128.565964,127.370934,128.403442,116.160606,3358078
11/19/2019,128.94838,129.426392,128.546844,128.604202,116.342216,3132770
11/20/2019,128.164429,128.546844,126.912048,127.342255,115.200584,4328557
11/21/2019,127.533463,128.269592,127.131927,127.954109,115.754112,3499184
11/22/2019,128.288712,128.728485,127.715103,128.432129,116.186546,3449185
11/25/2019,128.556412,130.019119,128.441681,129.990433,117.596275,2709245
11/26/2019,130.162521,130.162521,128.843216,129.149139,116.83519,3967687
11/27/2019,129.397705,129.741867,127.74379,127.887192,115.693573,3431821
11/29/2019,127.724663,128.604202,127.179733,128.537292,116.281693,1909264
12/2/2019,128.537292,128.585083,126.653923,127.06501,114.949776,3208187
12/3/2019,126.19503,126.615677,124.942642,126.309753,114.266533,3810055
12/4/2019,127.017204,127.801147,126.156792,126.185471,114.154099,3692380
12/5/2019,127.141495,127.380501,125.841301,126.108986,114.084908,3760788
12/6/2019,126.912048,128.001907,126.864243,127.361374,115.217896,3595625
12/9/2019,127.485657,128.671127,127.39962,128.030594,115.823303,3105051
12/10/2019,128.030594,128.910141,127.686424,128.021027,115.814629,3640498
12/11/2019,128.212234,128.59465,127.791588,127.877632,115.684921,4135152
12/12/2019,127.820267,129.694077,127.782028,129.369019,117.034111,5046009
12/13/2019,128.824097,129.541107,128.116638,128.307846,116.074112,2651610
12/16/2019,129.005737,129.493301,127.963669,128.231354,116.004921,3189463
12/17/2019,128.374756,128.766724,127.59082,128.317398,116.082756,3040931
12/18/2019,128.632889,129.063095,128.250473,128.499039,116.247078,3244483
12/19/2019,128.546844,128.804977,128.288712,128.642441,116.376808,4044359
12/20/2019,129.770554,130.420654,129.015289,129.627151,117.267632,7438943
12/23/2019,129.808792,130.162521,129.063095,129.588913,117.233047,2932147
12/24/2019,129.646271,129.655838,128.690247,129.043976,116.740067,1257397
12/26/2019,129.043976,129.359467,128.728485,128.977051,116.679504,2227666
12/27/2019,129.063095,129.780121,128.938812,129.321228,116.990883,2878801
12/30/2019,129.254303,129.349899,126.673042,126.969406,114.863297,4308369
12/31/2019,126.701721,128.221802,126.577438,128.145309,115.927078,3951265
1/2/2020,129.063095,129.942642,128.843216,129.46463,117.120605,3293436
1/3/2020,127.695984,128.92926,127.686424,128.432129,116.186546,2482890
1/6/2020,127.552582,128.336517,127.342255,128.202682,115.978981,2537073
1/7/2020,127.810707,129.024857,127.533463,128.288712,116.056808,3232977
1/8/2020,128.59465,129.885284,128.030594,129.359467,117.025459,4545916
1/9/2020,129.770554,130.774384,129.359467,130.726578,118.26223,3902208
1/10/2020,130.975143,131.806885,130.315491,130.678772,118.218979,3405148
1/13/2020,129.521988,130.630981,129.13002,130.592728,118.141151,3693426
1/14/2020,130.286804,131.108994,129.588913,129.847031,117.46656,3850326
1/15/2020,130.019119,131.988525,129.741867,130.611862,118.158455,4232011
1/16/2020,131.281067,132.112808,130.984711,131.912048,119.334656,4519661
1/17/2020,130.53537,132.246658,130.172089,132.227539,119.620079,5881972
1/21/2020,131.749527,133.221802,131.548752,133.049713,120.363869,7577329
1/22/2020,137.017212,139.378586,136.281067,137.562134,124.44603,17228038
1/23/2020,137.858505,138.05928,135.898666,136.587006,123.563896,5918059
1/24/2020,137.084137,137.59082,134.28299,134.378586,121.566025,5836889
1/27/2020,132.40918,133.910141,132.026764,132.523895,119.888161,4358264
1/28/2020,133.365204,134.292542,132.648178,133.412994,120.692497,3610374
1/29/2020,133.049713,133.441681,131.548752,131.634796,119.083847,3194275
1/30/2020,130.745697,130.946457,129.034424,130.755264,118.288177,5290563
1/31/2020,136.615677,137.715103,134.598465,137.40918,124.307648,19868352
2/3/2020,137.906311,140.803055,137.571701,139.837479,126.504425,9295488
2/4/2020,141.281067,142.810699,140.420654,142.552582,128.960663,5879566
2/5/2020,143.604202,150.516251,143.546844,149.455063,135.205017,15048593
2/6/2020,149.923523,151.768646,148.585083,149.86615,135.576904,8786923
2/7/2020,147.753342,148.699814,146.195023,146.663483,134.065063,6718876
2/10/2020,146.242828,147.648178,144.913956,147.638626,134.956436,5480831
2/11/2020,148.298279,148.393875,146.013382,146.730408,134.126251,4011515
2/12/2020,146.988525,148.757172,146.768646,148.479919,135.725479,4641939
2/13/2020,147.581268,148.021027,146.663483,147.523895,134.851563,3996452
2/14/2020,147.629059,147.762909,143.183563,144.072662,131.696793,6379763
2/18/2020,143.202682,144.722748,143.05928,144.455063,132.046356,3496778
2/19/2020,144.875717,145.210327,143.699814,144.225616,131.836609,2858613
2/20/2020,144.177826,144.952194,142.934998,144.569794,132.151215,3013003
2/21/2020,144.397705,144.397705,142.294449,143.250473,130.945236,3699597
2/24/2020,139.110901,141.5392,138.986618,139.990433,127.965225,5703210
2/25/2020,140.066925,140.602295,135.047806,135.478012,123.840424,6497229
2/26/2020,136.615677,137.72467,133.4608,133.604202,122.127579,5656663
2/27/2020,131.20459,132.59082,127.160614,127.25621,116.324883,8808471
2/28/2020,124.263863,125.32505,120.803062,124.426384,113.738136,13607832
3/2/2020,125,128.527725,122.323135,128.393875,117.364815,8923844
3/3/2020,128.565964,130.114716,122.179733,123.231361,112.645767,8259321
3/4/2020,125.793503,128.374756,123.326958,128.317398,117.294907,5226234
3/5/2020,124.760994,126.472275,122.801147,123.852776,113.213806,5696725
3/6/2020,121.128105,122.686424,119.043976,122.112808,111.623299,8570192
3/9/2020,114.875717,117.026772,112.122368,112.629066,102.954208,11252345
3/10/2020,117.380501,119.388145,110.669212,119.282982,109.036552,11935592
3/11/2020,115.688339,117.189293,111.261948,112.782028,103.094025,8835039
3/12/2020,104.827919,104.971321,97.782028,98.288719,89.845703,13088284
3/13/2020,103.900574,104.359467,96.376671,103.202675,94.337547,13077197
3/16/2020,93.690247,102.686424,90.822182,94.722755,86.586052,11054128
3/17/2020,96.185471,102.676865,92.829826,101.959846,93.201477,9684182
3/18/2020,95.038239,102.227531,95.028679,98.996178,90.492386,9176035
3/19/2020,97.829826,99.13002,93.919693,95.927345,87.687164,8782739
3/20/2020,96.481834,96.548759,90.54493,91.19503,83.361359,11031639
3/23/2020,90.439774,93.441681,86.577438,90.602295,82.81955,10176952
3/24/2020,95.592735,101.376671,94.894836,100.841301,92.179024,8340699
3/25/2020,100.841301,107.533463,98.307838,101.19503,92.502365,9052084
3/26/2020,102.208412,108.173996,100.927345,107.92543,98.654617,7482561
3/27/2020,103.80497,106.596558,102.915871,103.27916,94.407463,6718458
3/30/2020,103.336517,108.47036,103.068832,107.963669,98.689568,5820467
3/31/2020,107.07457,108.80497,105.32505,106.051628,96.941788,6635092
4/1/2020,101.682602,105.086044,99.923515,100.516251,91.881889,6394093
4/2/2020,100.736137,105.468452,100.516251,105.162521,96.129036,6619820
4/3/2020,104.13002,105.229446,100.305923,101.663483,92.930573,4747585
4/6/2020,105.497131,110.54493,105.286804,109.770554,100.34124,7357773
4/7/2020,113.575523,114.311661,109.818359,109.885277,100.446114,5852684
4/8/2020,111.19503,114.684509,110.00956,114.043976,104.247581,5395896
4/9/2020,115.181641,117.514343,114.885277,116.156792,106.178902,5832705
4/13/2020,116.281075,116.443596,112.848946,115.822182,105.873039,5355206
4/14/2020,118.030594,119.67495,117.227531,118.4608,108.284996,5322780
4/15/2020,113.881454,114.904396,111.625237,113.47036,103.723228,5896616
4/16/2020,113.776291,114.483749,109.388145,110.640533,101.136497,6754650
4/17/2020,114.053535,115.095604,112.734222,114.837479,104.972908,5194436
4/20/2020,113.910133,117.456978,112.94455,115.114723,105.226349,8558058
4/21/2020,108.986618,111.998085,107.131927,111.625237,102.036613,15009054
4/22/2020,114.598473,115.038239,112.380501,114.063095,104.265045,7412479
4/23/2020,114.311661,117.619499,113.881454,116.013382,106.047798,7198154
4/24/2020,117.026772,119.502869,115.449333,119.235184,108.992874,5215251
4/27/2020,120.038239,121.405357,119.952202,120.382408,110.041534,5150295
4/28/2020,122.39962,122.562141,119.866158,120.717018,110.347397,4997893
4/29/2020,123.212234,123.623329,121.921608,123.030594,112.462242,5499450
4/30/2020,120.956024,121.673042,119.713196,120.038239,109.726944,6941047
5/1/2020,117.772469,118.040154,116.051628,116.510513,106.502243,5152073
5/4/2020,115.506691,116.606117,114.13958,116.328873,106.336205,4202723
5/5/2020,117.963669,118.852776,117.084129,117.189293,107.122704,4078772
5/6/2020,117.820267,118.594643,117.026772,117.753349,107.638313,4042372
5/7/2020,117.571701,117.839386,115.53537,115.898659,107.36377,4615580
5/8/2020,117.275337,117.810707,115.736137,117.581261,108.922447,5232615
5/11/2020,116.453156,118.021034,115.363289,117.198853,108.568214,3697924
5/12/2020,117.60038,118.852776,114.971321,114.971321,106.504723,5004587
5/13/2020,114.67495,114.713196,109.799232,110.640533,102.492851,6153409
5/14/2020,109.531548,111.940727,106.892921,111.806885,103.573311,5501332
5/15/2020,110.831741,112.227531,110.181641,111.835564,103.599884,5006470
5/18/2020,114.608032,116.978966,114.483749,116.214149,107.656029,4399162
5/19/2020,115.86042,116.797325,114.856598,115,106.531281,3390191
5/20/2020,115.611855,117.084129,115.296364,116.042068,107.496613,4017372
5/21/2020,115.669212,116.367111,113.738052,113.881454,105.49511,4184941
5/22/2020,114.120461,114.216064,112.418739,113.183556,104.84861,4373117
5/26/2020,115.965584,117.227531,115.688339,116.405357,107.833145,5720888
5/27/2020,118.489487,120.296364,118.040154,120.019119,111.180801,5990965
5/28/2020,121.290634,121.38623,118.757172,119.053535,110.286316,4095404
5/29/2020,118.231361,119.627151,116.864243,119.407265,110.613991,8294675
6/1/2020,119.158699,120.219887,118.575523,119.397705,110.605141,3003798
6/2/2020,120.143402,120.458893,119.177818,120.458893,111.588173,3115093
6/3/2020,121.558319,123.900574,121.414917,123.374763,114.289314,4097914
6/4/2020,122.160614,123.27916,121.434036,123.221794,114.147614,4042581
6/5/2020,128.001907,128.326965,125.956024,126.252388,116.955032,6163764
6/8/2020,126.453156,129.904404,126.453156,129.780121,120.222984,5617543
6/9/2020,127.648186,127.724663,125.258125,126.070747,116.786781,5641706
6/10/2020,126.338432,126.414917,124.091782,124.158699,115.015533,4952601
6/11/2020,120.487572,120.554497,112.657745,112.820267,104.51207,12304726
6/12/2020,115.917786,117.705544,114.034416,116.548759,107.965996,6506434
6/15/2020,113.948372,116.988525,113.087952,116.300194,107.735725,5385959
6/16/2020,119.502869,121.892921,117.74379,119.646271,110.835403,5864608
6/17/2020,120.296364,120.697899,117.973228,118.690247,109.949783,3302013
6/18/2020,117.59082,118.929253,116.950287,118.699806,109.958633,2997208
6/19/2020,120.621414,121.242828,116.873802,117.084129,108.461929,8471554
6/22/2020,116.749519,117.112808,115.229446,115.745697,107.222076,4993081
6/23/2020,116.644356,117.495216,113.986618,114.158699,105.751938,6937700
6/24/2020,113.116638,113.116638,110.783936,111.300194,103.103935,7061546
6/25/2020,111.625237,113.967499,110.994263,113.79541,105.415398,6412608
6/26/2020,113.059273,113.757172,111.147224,112.036331,103.785858,11244605
6/29/2020,112.791588,114.512428,112.208412,114.483749,106.053055,4350837
6/30/2020,113.948372,115.86998,113.766731,115.458893,106.956383,4099797
7/1/2020,114.980881,115.898659,113.164436,113.326958,104.981445,4869967
7/2/2020,114.426384,116.080307,114.015297,114.435944,106.008766,3919362
7/6/2020,115.917786,116.491394,114.206497,114.904396,106.442726,4231488
7/7/2020,113.766731,114.254303,112.170174,112.40918,104.131256,4474893
7/8/2020,112.868073,113.422562,111.357552,112.533463,104.246384,5431669
7/9/2020,112.810707,112.810707,110.133842,110.621414,102.475151,4982098
7/10/2020,110.420647,113.355644,110.219887,113.145317,104.813179,4482842
7/13/2020,114.512428,115.669212,113.441681,113.957932,105.565956,4864632
7/14/2020,113.403442,115.573616,112.734222,115.296364,106.805824,4742982
7/15/2020,117.017204,118.508606,116.778206,117.59082,108.931313,4679176
7/16/2020,117.284897,119.005737,116.787766,118.556404,109.825798,4530121
7/17/2020,118.919693,120.105164,117.782028,119.608032,110.799973,4167892
7/20/2020,120.52581,121.481834,119.636711,120.812622,111.915855,10384374
7/21/2020,125.391968,126.357552,120.267685,120.516251,111.641304,16063004
7/22/2020,120.363289,123.776291,120.267685,123.011475,113.952797,8572388
7/23/2020,123.422562,123.680687,121.558319,121.7304,112.76606,4414225
7/24/2020,120.917786,122.036331,119.980881,120.258125,111.402199,3693531
7/27/2020,119.369026,120.764816,119.225624,120.659653,111.774162,3905136
7/28/2020,120.286804,120.783936,118.690247,118.996178,110.233185,4370397
7/29/2020,119.082214,120.449333,118.61377,119.808792,110.985947,2963109
7/30/2020,118.2696,118.451241,116.290634,117.495216,108.842743,4171553
7/31/2020,117.313576,117.581261,115.764816,117.533463,108.878181,5519847
8/3/2020,118.068832,118.938812,116.778206,118.843208,110.091484,3688301
8/4/2020,118.374763,120.32505,118.374763,120.305923,111.44648,3625541
8/5/2020,121.156792,121.175911,119.13002,119.933075,111.101074,3786102
8/6/2020,119.502869,120.707458,119.502869,120.573616,111.694458,3574287
8/7/2020,118.068832,119.569794,117.791588,119.46463,112.11615,3818946
8/10/2020,119.904396,121.644356,119.67495,121.520073,114.045151,4150842
8/11/2020,123.097511,124.732315,121.042068,121.175911,113.72216,5231255
8/12/2020,121.998085,122.170174,120.34417,121.128105,113.677299,3692066
8/13/2020,120.420647,120.831741,119.282982,119.531548,112.17894,3317180
8/14/2020,118.738052,120.038239,118.4608,119.760994,112.394272,3099716
8/17/2020,119.741875,120.066925,118.938812,118.967499,111.649597,3514665
8/18/2020,119.502869,119.980881,118.776291,119.426384,112.080254,3014990
8/19/2020,119.340347,119.980881,118.068832,118.393883,111.111267,3916119
8/20/2020,117.782028,118.585083,117.40918,117.734222,110.492172,2679015
8/21/2020,117.60038,118.049713,116.931168,117.74379,110.50116,3540815
8/24/2020,118.346077,120.516251,117.93499,120.152962,112.762138,4258057
8/25/2020,120.458893,121.242828,119.015297,119.158699,111.829025,3114674
8/26/2020,119.45507,119.617592,118.499046,118.709366,111.407341,3544162
8/27/2020,119.120461,119.598473,118.527725,119.168259,111.838005,3580144
8/28/2020,119.46463,119.789673,118.757172,119.569794,112.214844,3242182
8/31/2020,119.741875,119.741875,117.619499,117.887192,110.635742,5049983
9/1/2020,117.447418,118.499046,116.778206,117.973228,110.716476,3300444
9/2/2020,118.27916,123.040154,118.145317,122.543022,115.00518,6895650
9/3/2020,122.552582,124.235184,118.212234,118.977058,111.658569,5979773
9/4/2020,118.881454,119.837479,115.908218,116.921608,109.729561,6295037
9/8/2020,116.787766,117.466537,115.401527,115.879539,108.751587,5449974
9/9/2020,116.759079,118.26004,115.956024,116.883362,109.693657,3944152
9/10/2020,117.141495,118.145317,114.952202,115.258125,108.168396,4161406
9/11/2020,116.051628,117.304016,115.420647,116.118546,108.975883,3711313
9/14/2020,116.978966,117.954109,116.405357,116.72084,109.541138,3809009
9/15/2020,117.418739,117.973228,116.864243,117.05545,109.855171,3049299
9/16/2020,117.313576,120.286804,117.313576,118.757172,111.452209,3962666
9/17/2020,117.227531,120.028679,116.606117,119.426384,112.080254,3317180
9/18/2020,118.79541,119.426384,117.25621,117.361374,110.142265,5639614
9/21/2020,115.181641,115.391968,113.365204,114.961761,107.890266,5555724
9/22/2020,115.038239,116.108986,114.273422,115.210327,108.123528,3093859
9/23/2020,115.487572,116.242828,113.221794,113.60421,106.616211,4120612
9/24/2020,112.906311,114.263863,111.357552,112.896751,105.952263,3709325
9/25/2020,112.428299,114.158699,111.797325,113.718925,106.723869,3089570
9/28/2020,115.267685,116.950287,115.114723,116.376671,109.21814,3670623
9/29/2020,116.070747,116.816444,114.923515,115.621414,108.509331,2203504
9/30/2020,116.042068,117.504784,115.487572,116.319313,109.164307,3411111
10/1/2020,116.978966,117.877632,115.066925,115.764816,108.643913,3359438
10/2/2020,113.80497,116.39579,113.594643,115.267685,108.177368,3059759
10/5/2020,116.481834,117.351814,115.726578,116.644356,109.469353,3190823
10/6/2020,117.189293,119.340347,116.242828,116.606117,109.433464,4050426
10/7/2020,117.275337,118.919693,116.940727,118.61377,111.317619,2944908
10/8/2020,125.105164,129.541107,124.063095,125.707458,117.97496,26452189
10/9/2020,126.19503,126.19503,121.988525,122.170174,114.655266,8737970
10/12/2020,122.437859,122.60994,120.879539,121.615677,114.13488,4848315
10/13/2020,121.003822,121.558319,118.986618,119.598473,112.241753,5654781
10/14/2020,119.627151,121.357552,119.627151,120.401527,112.995407,3899593
10/15/2020,118.623329,119.713196,118.403442,119.397705,112.053329,3541024
10/16/2020,119.66539,120.86998,119.177818,120.391968,112.98645,4927078
10/19/2020,121.223709,121.749519,119.579353,120,112.618584,7822720
10/20/2020,114.531548,114.866158,111.701721,112.208412,105.306267,22490151
10/21/2020,111.52964,112.514343,109.741875,110,103.233704,10204044
10/22/2020,109.942642,110.956024,108.011475,110.669212,103.861755,8217167
10/23/2020,111.376671,111.491394,110.449333,110.898659,104.07708,4072496
10/26/2020,109.416824,109.847038,106.921608,107.284897,100.685608,7534756
10/27/2020,107.217972,107.284897,105.191208,105.697899,99.196228,6209161
10/28/2020,103.881454,104.904396,101.261948,101.959846,95.68811,9860956
10/29/2020,102.533463,104.818359,101.864243,104.120461,97.71582,7071169
10/30/2020,103.154877,106.883362,103.011475,106.749519,100.183159,8285889
11/2/2020,107.695984,108.824089,107.313576,107.94455,101.304688,5555829
11/3/2020,108.986618,110.564056,108.632889,109.13958,102.426201,4397698
11/4/2020,107.39006,108.900574,106.271507,106.978966,100.398506,6066905
11/5/2020,108.317398,110.219887,108.040154,109.722755,102.973511,5127701
11/6/2020,110.019119,110.038239,108.403442,109.024857,102.318542,5490663
11/9/2020,112.695984,114.47419,110.200768,110.449333,105.158463,9405841
11/10/2020,111.558319,112.973228,111.137665,112.724663,107.324791,5881449
11/11/2020,112.92543,113.145317,111.108986,112.045891,106.678528,4486922
11/12/2020,110.54493,111.252388,108.489487,109.46463,104.220924,6797117
11/13/2020,110.124283,112.208412,109.952202,111.711281,106.359947,4898000
11/16/2020,113.097511,113.336517,111.969406,113.154877,107.73439,5536896
11/17/2020,112.428299,113.326958,111.921608,112.523903,107.133644,4324687
11/18/2020,112.543022,113.652008,111.615677,111.634796,106.287132,4818713
11/19/2020,111.414917,112.284897,110.793503,112.026772,106.660324,3597822
11/20/2020,112.428299,112.848946,111.558319,111.797325,106.441879,5255418
11/23/2020,112.265778,115.219887,112.112808,114.808792,109.309074,5910318
11/24/2020,115.54493,119.244743,115.497131,118.948372,113.250366,8109115
11/25/2020,117.523903,118.862335,116.73996,118.738052,113.050117,4326151
11/27/2020,118.738052,119.799232,118.4608,118.881454,113.186646,2187395
11/30/2020,118.642448,119.502869,117.676865,118.087952,112.43116,6263448
12/1/2020,118.451241,120.296364,117.667305,117.74379,112.103485,5553319
12/2/2020,117.447418,119.158699,117.026772,119.13958,113.432404,3860472
12/3/2020,118.699806,119.369026,117.868073,118.173996,112.513084,4757417
12/4/2020,118.518166,121.778206,118.202675,121.606117,115.780792,5776849
12/7/2020,120.927345,121.38623,119.091782,119.216064,113.505226,8701151
12/8/2020,119.808792,120.774376,119.158699,120.181641,114.424553,5643170
12/9/2020,120.267685,122.07457,120.172081,121.214149,115.4076,6813121
12/10/2020,120.793503,121.347992,119.445503,119.46463,113.74189,5024147
12/11/2020,118.623329,119.99044,118.173996,118.80497,113.113831,4687544
12/14/2020,119.808792,120.688339,118.040154,118.097511,112.440254,5282300
12/15/2020,118.919693,120.391968,118.011475,120.391968,114.624809,4556585
12/16/2020,120.391968,121.003822,119.780113,120.028679,114.278923,4738485
12/17/2020,120.53537,120.54493,119.416824,120.028679,114.278923,3962248
12/18/2020,120.066925,120.841301,119.47419,120.315491,114.551994,7900229
12/21/2020,118.518166,118.718925,116.367111,117.963669,112.312836,6397022
12/22/2020,117.887192,118.757172,117.026772,118.173996,112.513084,4535561
12/23/2020,118.432121,119.703636,118.298279,118.451241,112.777039,2817819
12/24/2020,119.502869,119.598473,118.747612,119.206497,113.496124,1842111
12/28/2020,119.598473,121.032501,118.986618,119.330788,113.614464,3781499
12/29/2020,119.837479,119.961761,117.820267,118.355644,112.686028,3647402
12/30/2020,118.355644,119.359467,118.193115,118.871895,113.177551,3535794
12/31/2020,118.757172,120.487572,118.537285,120.34417,114.579292,3738822
1/4/2021,120.315491,120.382408,117.629066,118.489487,112.813454,5417443
1/5/2021,119.512428,121.108986,119.13002,120.592735,114.815956,6395872
1/6/2021,121.319313,126.080307,121.147224,123.60421,117.683167,8322708
1/7/2021,124.32122,124.722755,122.619499,123.317398,117.410095,4714740
1/8/2021,122.915871,123.632889,121.39579,122.877632,116.991394,4891305
1/11/2021,122.323135,123.977058,122.045891,122.92543,117.036911,5859587
1/12/2021,123.413002,124.13958,122.313576,123.527725,117.610352,3921663
1/13/2021,123.47036,124.043976,120.898659,121.338432,115.525932,8030874
1/14/2021,122.39006,124.435944,121.940727,123.298279,117.391891,7848347
1/15/2021,122.638626,123.556404,122.05545,122.74379,116.863968,5131153
1/19/2021,123.594643,123.891014,122.456978,123.346077,117.437401,5646308
1/20/2021,123.996178,125.296364,122.906311,124.359467,118.402245,5856240
1/21/2021,124.397705,126.424477,124.330788,125.86042,119.831299,13116003
1/22/2021,115.391968,115.391968,112.198853,113.393883,107.961945,39814421
1/25/2021,113.537285,114.282982,112.284897,113.365204,107.934639,14315974
1/26/2021,113.938812,117.198853,113.212234,117.103249,111.493622,11186656
1/27/2021,116.711281,119.302101,116.271507,117.084129,111.475418,12705239
1/28/2021,117.39962,117.782028,114.789673,114.799232,109.29998,8455969
1/29/2021,114.933075,115.965584,113.671127,113.871895,108.417061,12369473
2/1/2021,114.627151,115.630974,113.508606,115.239006,109.718689,6538023
2/2/2021,114.110901,115.67878,114.034416,114.187378,108.717438,6633627
2/3/2021,113.80497,114.531548,112.92543,113.881454,108.426163,7024308
2/4/2021,114.636711,115.774376,113.642448,115.697899,110.155594,4771957
2/5/2021,115.67878,116.453156,115.219887,116.434036,110.856468,4775722
2/8/2021,117.227531,118.527725,117.017204,118.173996,112.513084,6158848
2/9/2021,116.5392,117.208412,115.726578,116.7304,112.623764,4933982
2/10/2021,117.619499,117.982796,115.879539,116.864243,112.752899,5090673
2/11/2021,116.634796,116.835564,115.32505,115.592735,111.526123,5629154
2/12/2021,115.67878,116.022942,114.808792,115.487572,111.42466,4049275
2/16/2021,114.866158,115.296364,114.110901,114.789673,110.751312,6945231
2/17/2021,114.024857,115.258125,113.785851,114.694077,110.659081,4141219
2/18/2021,115.200768,115.621414,114.435944,115.420647,111.360085,5646413
2/19/2021,115.439774,115.449333,113.173996,113.757172,109.755135,6881320
2/22/2021,113.288719,115.803062,113.231361,115.54493,111.480003,6149643
2/23/2021,115.602295,116.013382,114.531548,115.401527,111.341637,4739740
2/24/2021,115.487572,118.059273,115.219887,117.791588,113.647614,6087720
2/25/2021,117.94455,118.881454,116.959846,117.084129,112.96505,5953623
2/26/2021,116.873802,116.873802,113.652008,113.699806,109.699791,9467346
3/1/2021,115.057358,116.940727,114.588913,115.430206,111.369308,5977367
3/2/2021,115.430206,116.5392,114.971321,115.038239,110.991135,4732418
3/3/2021,115.200768,117.237091,114.703636,116.978966,112.863586,7744898
3/4/2021,116.634796,117.801147,113.537285,114.827919,110.788208,8439651
3/5/2021,115.33461,118.307838,114.961761,117.428299,113.297112,7268968
3/8/2021,117.581261,121.271507,117.476097,119.32122,115.123436,7572203
3/9/2021,119.885277,120.86998,118.699806,118.718925,114.542328,5867014
3/10/2021,119.550667,122.60038,119.13002,122.246651,117.945946,7581199
3/11/2021,122.456978,122.982796,121.20459,121.548759,117.272614,5383657
3/12/2021,121.596558,122.06501,121.042068,121.998085,117.706123,4194565
3/15/2021,122.151054,123.087952,121.931168,122.92543,118.600853,3577948
3/16/2021,122.638626,122.868073,121.73996,122.60038,118.287239,4867247
3/17/2021,122.810707,123.79541,121.883362,123.355644,119.01593,4488804
3/18/2021,123.2696,125.239006,122.170174,124.340347,119.965996,6104142
3/19/2021,124.302101,124.703636,122.877632,123.231361,118.896027,10297870
3/22/2021,122.848946,124.971321,122.265778,124.808792,120.417953,4356485
3/23/2021,124.703636,125.774376,124.091782,124.722755,120.334946,4556794
3/24/2021,125.191208,126.300194,124.827919,124.875717,120.482536,4189230
3/25/2021,124.598473,127.380501,124.063095,127.217972,122.742378,5809484
3/26/2021,127.428299,130.478012,127.265778,130.382416,125.795494,5823710
3/29/2021,130,131.042068,129.550674,129.885284,125.315857,4835344
3/30/2021,129.885284,130.277252,128.12619,128.79541,124.26432,5010758
3/31/2021,128.623322,128.785858,126.873802,127.39962,122.917633,5172575
4/1/2021,127.877632,128.040146,126.453156,127.370934,122.889961,4261404
4/5/2021,127.762909,130.678772,127.533463,129.952194,125.380409,5722980
4/6/2021,129.617584,129.674957,128.193115,128.317398,123.803131,3787566
4/7/2021,127.954109,129.005737,127.896751,128.99617,124.458015,3112896
4/8/2021,128.652008,129.66539,128.26004,129.177826,124.633286,4275211
4/9/2021,128.938812,129.770554,128.785858,129.761002,125.195938,3162999
4/12/2021,129.082214,129.416824,127.963669,128.671127,124.144417,3926684
4/13/2021,127.151054,127.74379,124.646271,125.411087,120.999062,8403041
4/14/2021,125.53537,126.940727,124.780113,126.797325,122.336533,6137928
4/15/2021,127.418739,127.982796,126.405357,126.749519,122.290398,4062664
4/16/2021,127.151054,128.202682,127.103249,127.715103,123.222023,5535223
4/19/2021,127.724663,127.93499,126.749519,127.265778,122.788506,8575736
4/20/2021,131.042068,133.623322,130.688339,132.084137,127.437347,16192708
4/21/2021,131.988525,137.40918,131.653915,137.237091,132.409027,12456814
4/22/2021,137.380493,138.374756,134.79924,135.066925,130.315186,7428064
4/23/2021,135.095596,137.294449,134.751434,136.166351,131.375946,4765576
4/26/2021,136.156784,137.313583,135.258133,135.344162,130.582687,4927497
4/27/2021,135.458893,136.290634,134.560226,135.764816,130.988541,4062664
4/28/2021,136.634796,137.093689,135.850861,136.711288,131.901703,3941433
4/29/2021,137.79158,142.198853,136.692154,137.896744,133.045456,4554179
4/30/2021,137.380493,137.504776,134.369019,135.640533,130.868637,9280321
5/3/2021,137.485657,139.340347,137.237091,138.384323,133.5159,5997241
5/4/2021,138.05928,140.143402,137.982788,139.340347,134.438293,6642623
5/5/2021,139.521988,139.521988,138.59465,138.833649,133.949402,5229895
5/6/2021,138.871887,141.978973,138.79541,141.892929,136.901047,7848661
5/7/2021,139.502869,139.713196,138.212234,139.063095,135.669891,7325661
5/10/2021,139.388138,141.854691,139.388138,139.741867,136.332123,7304636
5/11/2021,138.61377,138.804977,136.615677,137.877625,134.513367,7454214
5/12/2021,137.514343,137.810699,134.933075,135.086044,131.789902,6233742
5/13/2021,135.229446,138.527725,135.066925,137.829834,134.466736,4807207
5/14/2021,138.728485,139.28299,137.629059,138.317398,134.942398,2873780
5/17/2021,138.087952,139.388138,137.982788,138.728485,135.34346,4471755
5/18/2021,138.412994,138.910141,136.931168,137.581268,134.224228,4000009
5/19/2021,136.061188,136.902481,134.722748,136.892929,133.552689,4498532
5/20/2021,136.826004,138.537292,135.908218,137.552582,134.196243,4301675
5/21/2021,137.934998,139.292542,137.934998,138.374756,134.998367,4219041
5/24/2021,138.680695,138.99617,137.839386,138.355637,134.979706,3449290
5/25/2021,138.546844,138.623322,136.902481,137.466537,134.112305,4118311
5/26/2021,137.189301,137.657745,136.749527,137.07457,133.729904,3225655
5/27/2021,137.495224,138.403442,137.313583,137.495224,134.140289,5889294
5/28/2021,137.868073,137.982788,137.179733,137.418732,134.065674,2651192
6/1/2021,138.623322,139.416824,137.428299,137.848953,134.485382,2528705
6/2/2021,138.26004,139.340347,137.772461,139.311661,135.912399,2915097
6/3/2021,138.537292,139.46463,137.705551,139.149139,135.753845,4320608
6/4/2021,139.579346,141.061188,139.349899,140.936905,137.497986,3261323
6/7/2021,141.061188,142.198853,140.697891,141.510513,138.057602,3621984
6/8/2021,141.606125,143.59465,141.606125,142.514343,139.036942,5313785
6/9/2021,142.476105,144.426392,142.27533,144.043976,140.529251,5547252
6/10/2021,144.808792,146.118546,143.173996,143.919693,140.40799,4977391
6/11/2021,143.814529,145.172089,143.757172,144.627151,141.098206,3596462
6/14/2021,144.082214,144.388138,142.122375,143.432129,139.932327,3498661
6/15/2021,143.26004,143.317398,142.065002,142.79158,139.307419,2628912
6/16/2021,143.173996,143.173996,140.745697,141.328873,137.880386,4057329
6/17/2021,141.061188,141.548752,138.891006,139.196945,135.800491,4568300
6/18/2021,138.12619,138.317398,136.749527,136.826004,133.487396,9577699
6/21/2021,137.772461,140.602295,137.72467,140.20076,136.779816,4482633
6/22/2021,140.076477,140.353729,138.957932,139.923523,136.509338,2549102
6/23/2021,139.990433,140.057358,138.212234,138.250473,134.877106,3349920
6/24/2021,139.388138,139.761002,138.326965,139.043976,135.651245,3775746
6/25/2021,138.986618,140.468445,138.575531,140.382416,136.957031,3759533
6/28/2021,140.544937,140.822174,138.537292,138.900574,135.511353,4067789
6/29/2021,138.871887,140.286804,138.718933,139.149139,135.753845,2540211
6/30/2021,138.747604,140.468445,138.346085,140.143402,136.723846,3394375
7/1/2021,140.497131,141.013382,140.124283,140.382416,136.957031,2809661
7/2/2021,140.449326,140.487579,133.326965,133.862335,130.596054,17584515
7/6/2021,133.833649,134.244736,131.07074,132.676865,129.439499,8466010
7/7/2021,132.657745,134.158707,132.657745,133.671127,130.4095,4246446
7/8/2021,131.72084,135.095596,131.606125,134.550674,131.267593,5739820
7/9/2021,135.229446,135.736145,134.646271,135.296371,131.995087,4083689
7/12/2021,135.210327,135.71701,133.957932,134.722748,131.435455,3496360
7/13/2021,134.722748,134.722748,133.489487,134.110901,130.838547,3309858
7/14/2021,134.531555,134.560226,132.820267,133.671127,130.4095,4606061
7/15/2021,133.193115,134.28299,132.695984,134.273422,130.997101,3807126
7/16/2021,134.79924,134.79924,132.495224,132.79158,129.551422,4298328
7/19/2021,130.449326,132.399612,130.219879,131.854691,128.637375,8977086
7/20/2021,136.711288,138.546844,132.600388,133.814529,130.549408,14237838
7/21/2021,133.814529,135.172089,133.508606,135.086044,131.789902,5024984
7/22/2021,135.430206,135.573608,134.235184,134.521988,131.239594,3466653
7/23/2021,134.761002,135.468445,134.158707,135.124283,131.827209,4680013
7/26/2021,135.172089,136.711288,134.923523,136.491394,133.16095,4441630
7/27/2021,136.261948,137.323135,135.372849,136.472275,133.142288,3281302
7/28/2021,136.72084,136.806885,135.411087,135.53537,132.228256,2660815
7/29/2021,136.07074,136.673035,135.372849,135.688339,132.377487,2793761
7/30/2021,135.296371,135.611862,134.598465,134.761002,131.472778,3698238
8/2/2021,135.229446,136.768646,134.827911,135.20076,131.90181,3064257
8/3/2021,135.659653,138.336517,135.420654,137.734222,134.373444,4272596
8/4/2021,137.476105,137.839386,136.20459,136.481842,133.151627,2960285
8/5/2021,136.73996,137.103256,135.965576,136.491394,133.16095,2884240
8/6/2021,136.711288,138.040146,136.606125,137.753342,134.392105,4002833
8/9/2021,135.946457,136.233276,134.770554,135.038239,133.259995,5129689
8/10/2021,135,135.573608,134.168259,135.162521,133.382645,5543695
8/11/2021,135.544937,136.491394,135.277252,135.879547,134.090225,4455960
8/12/2021,136.00383,136.854691,135.831741,136.778198,134.977036,2184780
8/13/2021,136.367111,137.265778,136.175903,136.883362,135.080826,1997965
8/16/2021,136.931168,137.418732,135.975143,137.27533,135.467621,2913319
8/17/2021,136.711288,136.864243,134.885284,136.156784,134.363815,3215195
8/18/2021,135.439774,135.678772,133.26004,133.336517,131.580688,3672192
8/19/2021,132.59082,133.317398,131.175903,131.950287,130.212708,4351465
8/20/2021,131.682602,133.250473,131.233276,132.992355,131.241058,2780059
8/23/2021,133.479919,133.986618,132.695984,133.479919,131.722198,3179422
8/24/2021,133.632889,134.063095,133.193115,133.690247,131.929749,2474418
8/25/2021,133.766724,134.608032,133.326965,133.709366,131.948624,2105389
8/26/2021,133.814529,134.608032,132.60994,132.676865,130.929718,2613640
8/27/2021,132.60994,133.451248,132.313583,133.27916,131.524078,2572637
8/30/2021,133.365204,133.728485,132.715103,132.858505,131.108963,2087293
8/31/2021,133.403442,134.741867,132.839386,134.168259,132.401474,4429915
9/1/2021,133.824097,133.910141,133.068832,133.173996,131.420303,2588327
9/2/2021,133.575531,133.891006,132.915863,133.852768,132.090134,2840413
9/3/2021,133.537292,134.292542,133.173996,133.441681,131.684464,2009575
9/7/2021,133.508606,133.642441,131.701721,131.988525,130.250443,3436110
9/8/2021,132.065002,132.973236,131.548752,132.571701,130.825943,3122728
9/9/2021,131.787766,132.848953,131.510513,131.682602,129.948547,3669682
9/10/2021,132.715103,133.240921,130.975143,130.994263,129.269272,4157955
9/13/2021,132.313583,132.877625,131.462708,132.07457,130.335358,4334729
9/14/2021,132.313583,132.476105,129.388138,130.229446,128.514526,4659198
9/15/2021,130.229446,131.73996,129.703629,131.166351,129.439087,3403579
9/16/2021,131.242828,131.883362,129.741867,130.430206,128.712646,2765624
9/17/2021,129.780121,129.942642,129.110901,129.28299,127.580536,5890340
9/20/2021,128.011475,129.235184,126.940727,128.403442,126.71257,4990152
9/21/2021,129.168259,129.684509,127.093689,127.122368,125.448364,4261927
9/22/2021,127.839386,129.416824,127.60038,128.709366,127.014465,3767901
9/23/2021,129.302109,131.376678,129.091782,130.71701,128.995667,3151807
9/24/2021,131.00383,132.39006,130.736145,131.443588,129.712677,3100762
9/27/2021,131.892929,132.954117,131.434036,132.466537,130.722153,3459017
9/28/2021,133.049713,133.546844,131.175903,131.424469,129.693817,4513072
9/29/2021,131.673035,133.776291,130.439774,133.05928,131.307098,3947499
9/30/2021,133.843216,134.388138,132.40918,132.820267,131.071228,6090230
10/1/2021,134.79924,137.638626,134.196945,137.017212,135.212906,6907889
10/4/2021,136.462708,139.579346,136.089859,137.772461,135.958206,7689251
10/5/2021,138.384323,138.623322,136.367111,136.854691,135.052521,7297524
10/6/2021,136.214142,137.065002,134.694077,136.099426,134.307205,5573506
10/7/2021,136.453156,137.093689,135.305923,135.573608,133.788315,3999695
10/8/2021,135.573608,137.332703,134.847031,136.9216,135.118561,3902940
10/11/2021,137.189301,137.74379,136.137665,136.166351,134.373245,2921792
10/12/2021,135.956024,136.042068,134.13002,134.292542,132.524109,3293436
10/13/2021,134.340347,135.191208,133.518158,134.569794,132.797714,3013003
10/14/2021,134.837479,137.59082,134.808792,137.084137,135.278946,4410668
10/15/2021,137.084137,138.479919,136.510513,138.250473,136.429932,3371049
10/18/2021,137.667297,138.565964,135.525818,136.061188,134.26947,6437189
10/19/2021,134.875717,136.653915,134.340347,135.736145,133.948715,4539117
10/20/2021,135.449326,135.946457,134.512421,135.659653,133.87323,6474008
10/21/2021,127.638626,127.839386,122.466537,122.686424,121.070831,32913959
10/22/2021,122.418739,124.521988,121.042068,122.25621,120.646286,12114981
10/25/2021,121.921608,122.992355,121.357552,122.026772,120.419868,6667204
10/26/2021,121.912048,122.657745,121.185471,121.5392,119.938713,8912861
10/27/2021,121.835564,122.25621,119.512428,119.66539,118.089584,7294176
10/28/2021,119.66539,120.755257,119.13958,120.305923,118.72168,6802138
10/29/2021,119.913956,120.764816,119.416824,119.598473,118.023544,6188973
11/1/2021,119.550667,120.755257,118.393883,120.726578,119.136795,6177153
11/2/2021,120.745697,121.577438,119.416824,120.630974,119.04245,4722062
11/3/2021,120.67878,121.692162,120.152962,121.5392,119.938713,5670784
11/4/2021,123.050003,123.339996,119.900002,120.849998,119.258591,7208700
11/5/2021,121.43,123.769997,121.43,123.610001,121.982246,6786500
11/8/2021,123.989998,124.779999,123.529999,124.540001,122.900002,5625300
11/9/2021,122.559998,122.900002,120.260002,120.849998,120.849998,7236600
11/10/2021,121,122.43,119.93,120.220001,120.220001,6270300
11/11/2021,120.900002,121.790001,120.080002,120.269997,120.269997,4643300
11/12/2021,120,120.639999,118.779999,118.959999,118.959999,5414800
11/15/2021,119.540001,120.160004,118.309998,118.870003,118.870003,5046300
11/16/2021,118.919998,119.900002,118.419998,118.459999,118.459999,4750800
11/17/2021,118.379997,119.330002,117.779999,118.059998,118.059998,4043300
11/18/2021,118.360001,118.360001,116.309998,116.660004,116.660004,5046900
11/19/2021,116.489998,116.559998,115.269997,116.050003,116.050003,5380200
11/22/2021,116,118.809998,115.190002,116.470001,116.470001,6416200
11/23/2021,116.790001,117.940002,116.040001,116.790001,116.790001,4912800
11/24/2021,116.160004,117.269997,116.080002,116.730003,116.730003,3220800
11/26/2021,115,116.339996,114.559998,115.809998,115.809998,3322000
11/29/2021,118.620003,119.610001,117.529999,118.5,118.5,8949800
11/30/2021,117.5,119.239998,116.449997,117.099998,117.099998,9252700
12/1/2021,118.25,118.93,116.849998,116.919998,116.919998,5958300
12/2/2021,117.370003,117.980003,116.559998,116.900002,116.900002,5267100
12/3/2021,117.360001,119.360001,117.360001,118.839996,118.839996,6629200
12/6/2021,119.400002,121.150002,119.400002,119.910004,119.910004,4785600
12/7/2021,120.480003,122.080002,120.07,121.580002,121.580002,5194000
12/8/2021,122,123.379997,121.519997,123.019997,123.019997,5483900
12/9/2021,122.150002,123.949997,121.790001,123.57,123.57,4601100
12/10/2021,124.300003,125.330002,123.360001,124.089996,124.089996,4965300
12/13/2021,123.760002,124.360001,120.790001,122.580002,122.580002,6847500
12/14/2021,122.349998,125.029999,122.300003,123.760002,123.760002,5716100
12/15/2021,123.800003,124.82,122.18,123.110001,123.110001,4990000
12/16/2021,123.510002,126.639999,123.480003,125.93,125.93,7280500
12/17/2021,125.870003,128.639999,125.209999,127.400002,127.400002,10379000
12/20/2021,125.720001,127.199997,124.699997,127.059998,127.059998,4941400
12/21/2021,127.660004,129.339996,127.660004,128.970001,128.970001,4856000
12/22/2021,129.059998,129.789993,127.599998,129.75,129.75,3923200
12/23/2021,130,130.960007,129.520004,130.630005,130.630005,3649000
12/27/2021,130.630005,131.649994,129.949997,131.619995,131.619995,4293900
12/28/2021,131.600006,133.220001,131.589996,132.630005,132.630005,3445200
12/29/2021,132.399994,134.210007,132.300003,133.350006,133.350006,4239900
12/30/2021,133.75,134.369995,133.330002,133.910004,133.910004,3158100
12/31/2021,134,134.990005,133.610001,133.660004,133.660004,3362100
1/3/2022,134.070007,136.289993,133.630005,136.039993,136.039993,4605900
1/4/2022,136.100006,139.949997,135.899994,138.020004,138.020004,7300000
1/5/2022,138.309998,142.199997,137.880005,138.220001,138.220001,8956900
1/6/2022,138.199997,138.410004,132.509995,135.339996,135.339996,9908100
1/7/2022,134.899994,135.660004,133.509995,134.830002,134.830002,5235900
1/10/2022,134.470001,136.199997,133.380005,135.029999,135.029999,5432800
1/11/2022,130.520004,133.25,127.970001,132.869995,132.869995,11105300
1/12/2022,133.25,134.470001,131.369995,133.589996,133.589996,5352000
1/13/2022,133.899994,136.050003,133.559998,134.759995,134.759995,4868300
1/14/2022,134.550003,135.139999,133.300003,134.210007,134.210007,5309200
1/18/2022,132.949997,133.889999,131.779999,132.940002,132.940002,5246700
1/19/2022,132.899994,133.899994,131.5,131.580002,131.580002,4103700
1/20/2022,131.259995,132.880005,130.570007,130.820007,130.820007,5278200
1/21/2022,131.649994,131.869995,129.270004,129.350006,129.350006,5905000
1/24/2022,127.989998,129.149994,124.190002,128.820007,128.820007,13777600
1/25/2022,129.139999,137.339996,128.300003,136.100006,136.100006,19715700
